1679897384.3561728,0,0,0.0,0.0
1679897384.406434,0,0,0.0,0.0
1679897384.4567363,0,0,0.0,0.0
1679897384.5070398,0,0,0.0,0.0
1679897384.5573351,0,0,0.0,0.0
1679897384.6076381,0,0,0.0,0.0
1679897384.647849,0,0,0.0,0.0
1679897384.6981559,0,0,0.0,0.0
1679897384.7484622,0,0,0.0,0.0
1679897384.798754,0,0,0.0,0.0
1679897384.8490515,0,0,0.0,0.0
1679897384.8993537,0,0,0.0,0.0
1679897384.9496553,0,0,0.0,0.0
1679897384.9999626,0,0,0.0,0.0
1679897385.0502603,0,0,0.0,0.0
1679897385.1005547,0,0,0.0,0.0
1679897385.150841,0,0,0.0,0.0
1679897385.2011218,0,0,0.0,0.0
1679897385.2514176,0,0,0.0,0.0
1679897385.3017194,0,0,0.0,0.0
1679897385.3520193,0,0,0.0,0.0
1679897385.4023473,0,0,0.0,0.0
1679897385.4526205,0,0,0.0,0.0
1679897385.5029225,0,0,0.0,0.0
1679897385.5532222,0,0,0.0,0.0
1679897385.6035223,0,0,0.0,0.0
1679897385.6537833,0,0,0.0,0.0
1679897385.7040863,0,0,0.0,0.0
1679897385.7543824,0,0,0.0,0.0
1679897385.804678,0,0,0.0,0.0
1679897385.8549626,0,0,0.0,0.0
1679897385.9052691,0,0,0.0,0.0
1679897385.9555657,0,0,0.0,0.0
1679897386.0058684,0,0,0.0,0.0
1679897386.0561633,0,0,0.0,0.0
1679897386.1064472,0,0,0.0,0.0
1679897386.1567447,0,0,0.0,0.0
1679897386.207048,0,0,0.0,0.0
1679897386.2573485,0,0,0.0,0.0
1679897386.3076448,0,0,0.0,0.0
1679897386.3478196,0,0,0.0,0.0
1679897386.3981137,0,0,0.0,0.0
1679897386.4484184,0,0,0.0,0.0
1679897386.49871,0,0,0.0,0.0
1679897386.549014,0,0,0.0,0.0
1679897386.5992703,0,0,0.0,0.0
1679897386.6495757,0,0,0.0,0.0
1679897386.699842,0,0,0.0,0.0
1679897386.750142,0,0,0.0,0.0
1679897386.800446,0,0,0.0,0.0
1679897386.8507204,0,0,0.0,0.0
1679897386.9010167,0,0,0.0,0.0
1679897386.9513197,0,0,0.0,0.0
1679897387.0016127,0,0,0.0,0.0
1679897387.0519118,0,0,0.0,0.0
1679897387.1021605,0,0,0.0,0.0
1679897387.1524584,0,0,0.0,0.0
1679897387.202741,0,0,0.0,0.0
1679897387.2530408,0,0,0.0,0.0
1679897387.3033385,0,0,0.0,0.0
1679897387.3536425,0,0,0.0,0.0
1679897387.4039412,0,0,0.0,0.0
1679897387.4542406,0,0,0.0,0.0
1679897387.5045404,0,0,0.0,0.0
1679897387.5547788,0,0,0.0,0.0
1679897387.6050863,0,0,0.0,0.0
1679897387.6553664,0,0,0.0,0.0
1679897387.7056615,0,0,0.0,0.0
1679897387.7559578,0,0,0.0,0.0
1679897387.806258,0,0,0.0,0.0
1679897387.8565366,0,0,0.0,0.0
1679897387.9068332,0,0,0.0,0.0
1679897387.9571416,0,0,0.0,0.0
1679897388.0074453,0,0,0.0,0.0
1679897388.0577478,0,0,0.0,0.0
1679897388.0979917,0,0,0.0,0.0
1679897388.1482928,0,0,0.0,0.0
1679897388.1985924,0,0,0.0,0.0
1679897388.2488883,0,0,0.0,0.0
1679897388.299179,0,0,0.0,0.0
1679897388.3494558,0,0,0.0,0.0
1679897388.399736,0,0,0.0,0.0
1679897388.4500618,0,0,0.0,0.0
1679897388.500357,0,0,0.0,0.0
1679897388.5506568,0,0,0.0,0.0
1679897388.6009552,0,0,0.0,0.0
1679897388.651177,0,0,0.0,0.0
1679897388.7014751,0,0,0.0,0.0
1679897388.7517748,0,0,0.0,0.0
1679897388.8020754,0,0,0.0,0.0
1679897388.8523357,0,0,0.0,0.0
1679897388.9025836,0,0,0.0,0.0
1679897388.9528778,0,0,0.0,0.0
1679897389.0031886,0,0,0.0,0.0
1679897389.0534835,0,0,0.0,0.0
1679897389.1037874,0,0,0.0,0.0
1679897389.154088,0,0,0.0,0.0
1679897389.2043846,0,0,0.0,0.0
1679897389.2546947,0,0,0.0,0.0
1679897389.3049698,0,0,0.0,0.0
1679897389.355413,0,0,0.0,0.0
1679897389.4057117,0,0,0.0,0.0
1679897389.4560087,0,0,0.0,0.0
1679897389.5063126,0,0,0.0,0.0
1679897389.5565982,0,0,0.0,0.0
1679897389.6068997,0,0,0.0,0.0
1679897389.6572013,0,0,0.0,0.0
1679897389.707499,0,0,0.0,0.0
1679897389.7478542,0,0,0.0,0.0
1679897389.7981508,0,0,0.0,0.0
1679897389.8484151,0,0,0.0,0.0
1679897389.8987067,0,0,0.0,0.0
1679897389.9490087,0,0,0.0,0.0
1679897389.999273,0,0,0.0,0.0
1679897390.0494986,0,0,0.0,0.0
1679897390.0997992,0,0,0.0,0.0
1679897390.1400163,0,0,0.0,0.0
1679897390.200379,0,0,0.0,0.0
1679897390.2506614,0,0,0.0,0.0
1679897390.3009608,0,0,0.0,0.0
1679897390.3512652,0,0,0.0,0.0
1679897390.4015527,0,0,0.0,0.0
1679897390.4518273,0,0,0.0,0.0
1679897390.502135,0,0,0.0,0.0
1679897390.552419,0,0,0.0,0.0
1679897390.6027212,0,0,0.0,0.0
1679897390.6530273,0,0,0.0,0.0
1679897390.7033274,0,0,0.0,0.0
1679897390.7536283,0,0,0.0,0.0
1679897390.8039262,0,0,0.0,0.0
1679897390.8542047,0,0,0.0,0.0
1679897390.9044979,0,0,0.0,0.0
1679897390.9548016,0,0,0.0,0.0
1679897391.0051024,0,0,0.0,0.0
1679897391.0553784,0,0,0.0,0.0
1679897391.105679,0,0,0.0,0.0
1679897391.1559708,0,0,0.0,0.0
1679897391.206236,0,0,0.0,0.0
1679897391.2565331,0,0,0.0,0.0
1679897391.3068118,0,0,0.0,0.0
1679897391.3571134,0,0,0.0,0.0
1679897391.4074092,0,0,0.0,0.0
1679897391.4577048,0,0,0.0,0.0
1679897391.4979196,0,0,0.0,0.0
1679897391.5481865,0,0,0.0,0.0
1679897391.5984807,0,0,0.0,0.0
1679897391.6487772,0,0,0.0,0.0
1679897391.6990793,0,0,0.0,0.0
1679897391.7493863,0,0,0.0,0.0
1679897391.7997234,0,0,0.0,0.0
1679897391.8500264,0,0,0.0,0.0
1679897391.9003248,0,0,0.0,0.0
1679897391.9505951,0,0,0.0,0.0
1679897392.0009031,0,0,0.0,0.0
1679897392.0511992,0,0,0.0,0.0
1679897392.101494,0,0,0.0,0.0
1679897392.1518097,0,0,0.0,0.0
1679897392.2021158,0,0,0.0,0.0
1679897392.252414,0,0,0.0,0.0
1679897392.30271,0,0,0.0,0.0
1679897392.3529954,0,0,0.0,0.0
1679897392.4038897,0,0,0.0,0.0
1679897392.4541883,0,0,0.0,0.0
1679897392.5044074,0,0,0.0,0.0
1679897392.5546393,0,0,0.0,0.0
1679897392.6049411,0,0,0.0,0.0
1679897392.6552346,0,0,0.0,0.0
1679897392.7055383,0,0,0.0,0.0
1679897392.7558436,0,0,0.0,0.0
1679897392.8061442,0,0,0.0,0.0
1679897392.8564575,0,0,0.0,0.0
1679897392.9067538,0,0,0.0,0.0
1679897392.9469926,0,0,0.0,0.0
1679897393.0073526,0,0,0.0,0.0
1679897393.057647,0,0,0.0,0.0
1679897393.097863,0,0,0.0,0.0
1679897393.148162,0,0,0.0,0.0
1679897393.1984394,0,0,0.0,0.0
1679897393.2487402,0,0,0.0,0.0
1679897393.2990375,0,0,0.0,0.0
1679897393.3494418,0,0,0.0,0.0
1679897393.3997314,0,0,0.0,0.0
1679897393.4500356,0,0,0.0,0.0
1679897393.5015826,0,0,0.0,0.0
1679897393.5518374,0,0,0.0,0.0
1679897393.6021397,0,0,0.0,0.0
1679897393.6524377,0,0,0.0,0.0
1679897393.702696,0,0,0.0,0.0
1679897393.7529974,0,0,0.0,0.0
1679897393.8033462,0,0,0.0,0.0
1679897393.853645,0,0,0.0,0.0
1679897393.9039688,0,0,0.0,0.0
1679897393.9542599,0,0,0.0,0.0
1679897394.0063148,0,0,0.0,0.0
1679897394.0566063,0,0,0.0,0.0
1679897394.106912,0,0,0.0,0.0
1679897394.1572018,0,0,0.0,0.0
1679897394.2075028,0,0,0.0,0.0
1679897394.2577827,0,0,0.0,0.0
1679897394.298017,0,0,0.0,0.0
1679897394.3483126,0,0,0.0,0.0
1679897394.398612,0,0,0.0,0.0
1679897394.4489107,0,0,0.0,0.0
1679897394.4992096,0,0,0.0,0.0
1679897394.5495236,0,0,0.0,0.0
1679897394.5998437,0,0,0.0,0.0
1679897394.6501427,0,0,0.0,0.0
1679897394.7004437,0,0,0.0,0.0
1679897394.7507393,0,0,0.0,0.0
1679897394.8014843,0,0,0.0,0.0
1679897394.8517847,0,0,0.0,0.0
1679897394.9020524,0,0,0.0,0.0
1679897394.9523392,0,0,0.0,0.0
1679897395.0026047,0,0,0.0,0.0
1679897395.0529063,0,0,0.0,0.0
1679897395.103237,0,0,0.0,0.0
1679897395.1535378,0,0,0.0,0.0
1679897395.2038543,0,0,0.0,0.0
1679897395.2541544,0,0,0.0,0.0
1679897395.304464,0,0,0.0,0.0
1679897395.3547616,0,0,0.0,0.0
1679897395.4050639,0,0,0.0,0.0
1679897395.4553144,0,0,0.0,0.0
1679897395.5055559,0,0,0.0,0.0
1679897395.5558467,0,0,0.0,0.0
1679897395.606083,0,0,0.0,0.0
1679897395.6563888,0,0,0.0,0.0
1679897395.7066953,0,0,0.0,0.0
1679897395.756997,0,0,0.0,0.0
1679897395.8072982,0,0,0.0,0.0
1679897395.8575985,0,0,0.0,0.0
1679897395.8977842,0,0,0.0,0.0
1679897395.9480848,0,0,0.0,0.0
1679897395.9984133,0,0,0.0,0.0
1679897396.0487192,0,0,0.0,0.0
1679897396.0990222,0,0,0.0,0.0
1679897396.1493158,0,0,0.0,0.0
1679897396.1996171,0,0,0.0,0.0
1679897396.2499034,0,0,0.0,0.0
1679897396.3001735,0,0,0.0,0.0
1679897396.3504317,0,0,0.0,0.0
1679897396.400713,0,0,0.0,0.0
1679897396.4509661,0,0,0.0,0.0
1679897396.5012686,0,0,0.0,0.0
1679897396.5515673,0,0,0.0,0.0
1679897396.6018662,0,0,0.0,0.0
1679897396.6521688,0,0,0.0,0.0
1679897396.7024992,0,0,0.0,0.0
1679897396.7528033,0,0,0.0,0.0
1679897396.803098,0,0,0.0,0.0
1679897396.8534005,0,0,0.0,0.0
1679897396.9037023,0,0,0.0,0.0
1679897396.9540007,0,0,0.0,0.0
1679897397.0043037,0,0,0.0,0.0
1679897397.0546293,0,0,0.0,0.0
1679897397.1049206,0,0,0.0,0.0
1679897397.1552107,0,0,0.0,0.0
1679897397.2055094,0,0,0.0,0.0
1679897397.2558136,0,0,0.0,0.0
1679897397.3061051,0,0,0.0,0.0
1679897397.3564053,0,0,0.0,0.0
1679897397.4066834,0,0,0.0,0.0
1679897397.456968,0,0,0.0,0.0
1679897397.507267,0,0,0.0,0.0
1679897397.5575657,0,0,0.0,0.0
1679897397.5978928,0,0,0.0,0.0
1679897397.6481912,0,0,0.0,0.0
1679897397.698467,0,0,0.0,0.0
1679897397.7487664,0,0,0.0,0.0
1679897397.7990668,0,0,0.0,0.0
1679897397.849363,0,0,0.0,0.0
1679897397.8996434,0,0,0.0,0.0
1679897397.9499047,0,0,0.0,0.0
1679897398.0001876,0,0,0.0,0.0
1679897398.0509567,0,0,0.0,0.0
1679897398.101249,0,0,0.0,0.0
1679897398.151548,0,0,0.0,0.0
1679897398.201841,0,0,0.0,0.0
1679897398.2521405,0,0,0.0,0.0
1679897398.3024125,0,0,0.0,0.0
1679897398.3527105,0,0,0.0,0.0
1679897398.4029782,0,0,0.0,0.0
1679897398.453276,0,0,0.0,0.0
1679897398.503578,0,0,0.0,0.0
1679897398.5538833,0,0,0.0,0.0
1679897398.6041849,0,0,0.0,0.0
1679897398.654483,0,0,0.0,0.0
1679897398.704742,0,0,0.0,0.0
1679897398.7550442,0,0,0.0,0.0
1679897398.8053207,0,0,0.0,0.0
1679897398.8556175,0,0,0.0,0.0
1679897398.9060147,0,0,0.0,0.0
1679897398.9563231,0,0,0.0,0.0
1679897399.0066202,0,0,0.0,0.0
1679897399.0569248,0,0,0.0,0.0
1679897399.1072211,0,0,0.0,0.0
1679897399.1575203,0,0,0.0,0.0
1679897399.1977541,0,0,0.0,0.0
1679897399.2480593,0,0,0.0,0.0
1679897399.2982736,0,0,0.0,0.0
1679897399.3485746,0,0,0.0,0.0
1679897399.3988807,0,0,0.0,0.0
1679897399.4491827,0,0,0.0,0.0
1679897399.4994798,0,0,0.0,0.0
1679897399.5497882,0,0,0.0,0.0
1679897399.6000843,0,0,0.0,0.0
1679897399.6503878,0,0,0.0,0.0
1679897399.7006872,0,0,0.0,0.0
1679897399.7509534,0,0,0.0,0.0
1679897399.801248,0,0,0.0,0.0
1679897399.851514,0,0,0.0,0.0
1679897399.9018588,0,0,0.0,0.0
1679897399.9521608,0,0,0.0,0.0
1679897400.0024657,0,0,0.0,0.0
1679897400.0527663,0,0,0.0,0.0
1679897400.1030698,0,0,0.0,0.0
1679897400.1533787,0,0,0.0,0.0
1679897400.2036786,0,0,0.0,0.0
1679897400.2540116,0,0,0.0,0.0
1679897400.304311,0,0,0.0,0.0
1679897400.3545244,0,0,0.0,0.0
1679897400.4047856,0,0,0.0,0.0
1679897400.45508,0,0,0.0,0.0
1679897400.5053828,0,0,0.0,0.0
1679897400.5556934,0,0,0.0,0.0
1679897400.6059887,0,0,0.0,0.0
1679897400.6562927,0,0,0.0,0.0
1679897400.706587,0,0,0.0,0.0
1679897400.756886,0,0,0.0,0.0
1679897400.8072195,0,0,0.0,0.0
1679897400.857537,0,0,0.0,0.0
1679897400.8977828,0,0,0.0,0.0
1679897400.948085,0,0,0.0,0.0
1679897400.9983444,0,0,0.0,0.0
1679897401.0486562,0,0,0.0,0.0
1679897401.0989306,0,0,0.0,0.0
1679897401.1492298,0,0,0.0,0.0
1679897401.1995199,0,0,0.0,0.0
1679897401.2497823,0,0,0.0,0.0
1679897401.3000784,0,0,0.0,0.0
1679897401.3503764,0,0,0.0,0.0
1679897401.400673,0,0,0.0,0.0
1679897401.4509742,0,0,0.0,0.0
1679897401.5012205,0,0,0.0,0.0
1679897401.551523,0,0,0.0,0.0
1679897401.6017904,0,0,0.0,0.0
1679897401.6520867,0,0,0.0,0.0
1679897401.7023907,0,0,0.0,0.0
1679897401.752696,0,0,0.0,0.0
1679897401.8029964,0,0,0.0,0.0
1679897401.8532968,0,0,0.0,0.0
1679897401.9035754,0,0,0.0,0.0
1679897401.949512,0,0,0.0,0.0
1679897401.9997778,0,0,0.0,0.0
1679897402.0500736,0,0,0.0,0.0
1679897402.1003754,0,0,0.0,0.0
1679897402.1506379,0,0,0.0,0.0
1679897402.2009337,0,0,0.0,0.0
1679897402.2512343,0,0,0.0,0.0
1679897402.3015335,0,0,0.0,0.0
1679897402.351812,0,0,0.0,0.0
1679897402.40214,0,0,0.0,0.0
1679897402.4524426,0,0,0.0,0.0
1679897402.5027559,0,0,0.0,0.0
1679897402.5530548,0,0,0.0,0.0
1679897402.6033566,0,0,0.0,0.0
1679897402.6536593,0,0,0.0,0.0
1679897402.7039752,0,0,0.0,0.0
1679897402.7542777,0,0,0.0,0.0
1679897402.8045766,0,0,0.0,0.0
1679897402.854877,0,0,0.0,0.0
1679897402.9051845,0,0,0.0,0.0
1679897402.955502,0,0,0.0,0.0
1679897403.005781,0,0,0.0,0.0
1679897403.0560043,0,0,0.0,0.0
1679897403.1063013,0,0,0.0,0.0
1679897403.1566043,0,0,0.0,0.0
1679897403.2069075,0,0,0.0,0.0
1679897403.2572114,0,0,0.0,0.0
1679897403.307512,0,0,0.0,0.0
1679897403.3477287,0,0,0.0,0.0
1679897403.398014,0,0,0.0,0.0
1679897403.4482949,0,0,0.0,0.0
1679897403.4985878,0,0,0.0,0.0
1679897403.5488896,0,0,0.0,0.0
1679897403.5991805,0,0,0.0,0.0
1679897403.6494834,0,0,0.0,0.0
1679897403.6696045,0.0,0.0,0.0,0.0
1679897403.699785,0.0,0.0,0.0,0.0
1679897403.750092,0.0,0.0,0.0,0.0
1679897403.8003871,0.0,0.0,0.0,0.0
1679897403.8506827,0.0,0.0,0.0,0.0
1679897403.9009523,0.0,0.0,0.0,0.0
1679897403.9512858,0.0,0.0,0.0,0.0
1679897404.0015557,0.0,0.0,0.0,0.0
1679897404.0518653,0.0,0.0,0.0,0.0
1679897404.0719872,0.10000000149011612,-0.11453683674335478,0.0,0.0
1679897404.0921066,0.10000000149011612,-0.11453683674335478,0.0,0.0
1679897404.1524725,0.10000000149011612,-0.11453683674335478,0.005000000074505806,-0.0057268418371677395
1679897404.1726003,0.10000000149011612,-0.1432624459266663,0.005000000074505806,-0.0057268418371677395
1679897404.202736,0.10000000149011612,-0.1432624459266663,0.005000000074505806,-0.0057268418371677395
1679897404.2529757,0.10000000149011612,-0.1432624459266663,0.010000000149011612,-0.012889964133501053
1679897404.2730975,0.0833333358168602,-0.28740885853767395,0.010000000149011612,-0.012889964133501053
1679897404.3032782,0.0833333358168602,-0.28740885853767395,0.010000000149011612,-0.012889964133501053
1679897404.3535836,0.0833333358168602,-0.28740885853767395,0.014166666939854623,-0.02726040706038475
1679897404.373708,0.10000000149011612,-0.2101217359304428,0.014166666939854623,-0.02726040706038475
1679897404.4038863,0.10000000149011612,-0.2101217359304428,0.014166666939854623,-0.02726040706038475
1679897404.4541843,0.10000000149011612,-0.2101217359304428,0.019166667014360428,-0.03776649385690689
1679897404.4747574,0.10000000149011612,-0.3046480715274811,0.019166667014360428,-0.03776649385690689
1679897404.504919,0.10000000149011612,-0.3046480715274811,0.019166667014360428,-0.03776649385690689
1679897404.5552597,0.10000000149011612,-0.3046480715274811,0.024166667088866233,-0.05299889743328094
1679897404.575379,0.09444444626569748,-0.2852030396461487,0.024166667088866233,-0.05299889743328094
1679897404.6055388,0.09444444626569748,-0.2852030396461487,0.024166667088866233,-0.05299889743328094
1679897404.655846,0.09444444626569748,-0.2852030396461487,0.02888888940215111,-0.06725904941558838
1679897404.685979,0.09444444626569748,-0.09335707128047945,0.02888888940215111,-0.06725904941558838
1679897404.7060654,0.09444444626569748,-0.09335707128047945,0.02888888940215111,-0.06725904941558838
1679897404.7563605,0.09444444626569748,-0.09335707128047945,0.03361111171543598,-0.0735192013978958
1679897404.7764826,0.10000000149011612,-0.23136641085147858,0.03361111171543598,-0.0735192013978958
1679897404.806657,0.10000000149011612,-0.23136641085147858,0.03361111171543598,-0.0735192013978958
1679897404.8569453,0.10000000149011612,-0.23136641085147858,0.03861111178994179,-0.08508752194046973
1679897404.877065,0.10000000149011612,-0.15658861398696897,0.03861111178994179,-0.08508752194046973
1679897404.907244,0.10000000149011612,-0.15658861398696897,0.03861111178994179,-0.08508752194046973
1679897404.9575486,0.10000000149011612,-0.15658861398696897,0.04361111186444759,-0.09291695263981818
1679897404.977672,0.10000000149011612,-0.21808454394340515,0.04361111186444759,-0.09291695263981818
1679897404.9877348,0.10000000149011612,-0.21808454394340515,0.04361111186444759,-0.09291695263981818
1679897405.0480926,0.10000000149011612,-0.21808454394340515,0.0486111119389534,-0.10382117983698844
1679897405.0782714,0.10000000149011612,-0.20058877766132355,0.0486111119389534,-0.10382117983698844
1679897405.0983973,0.10000000149011612,-0.20058877766132355,0.0486111119389534,-0.10382117983698844
1679897405.1486762,0.10000000149011612,-0.20058877766132355,0.05361111201345921,-0.11385061872005461
1679897405.1888723,0.07222222536802292,-0.11075016856193544,0.05361111201345921,-0.11385061872005461
1679897405.198936,0.07222222536802292,-0.11075016856193544,0.05361111201345921,-0.11385061872005461
1679897405.2492373,0.07222222536802292,-0.11075016856193544,0.05722222328186035,-0.11938812714815139
1679897405.2794151,0.07777778059244156,-0.1455724686384201,0.05722222328186035,-0.11938812714815139
1679897405.2995362,0.07777778059244156,-0.1455724686384201,0.05722222328186035,-0.11938812714815139
1679897405.353299,0.07777778059244156,-0.1455724686384201,0.06111111231148243,-0.1266667505800724
1679897405.3734279,0.08888889104127884,-0.22829373180866241,0.06111111231148243,-0.1266667505800724
1679897405.4036045,0.08888889104127884,-0.22829373180866241,0.06111111231148243,-0.1266667505800724
1679897405.4539022,0.08888889104127884,-0.22829373180866241,0.06555555686354637,-0.13808143717050553
1679897405.474867,0.10000000149011612,-0.1755039542913437,0.06555555686354637,-0.13808143717050553
1679897405.5050504,0.10000000149011612,-0.1755039542913437,0.06555555686354637,-0.13808143717050553
1679897405.5553524,0.10000000149011612,-0.1755039542913437,0.07055555693805218,-0.1468566348850727
1679897405.5754752,0.10000000149011612,-0.10538388788700102,0.07055555693805218,-0.1468566348850727
1679897405.6056516,0.10000000149011612,-0.10538388788700102,0.07055555693805218,-0.1468566348850727
1679897405.6559806,0.10000000149011612,-0.10538388788700102,0.07555555701255798,-0.15212582927942275
1679897405.676101,0.10000000149011612,0.16247867047786713,0.07555555701255798,-0.15212582927942275
1679897405.7062807,0.10000000149011612,0.16247867047786713,0.07555555701255798,-0.15212582927942275
1679897405.7565367,0.10000000149011612,0.16247867047786713,0.08055555708706379,-0.1493950236737728
1679897405.776658,0.10000000149011612,-0.11850158870220184,0.08055555708706379,-0.1493950236737728
1679897405.8068357,0.10000000149011612,-0.11850158870220184,0.08055555708706379,-0.1493950236737728
1679897405.857144,0.10000000149011612,-0.11850158870220184,0.0855555571615696,-0.15466421806812286
1679897405.877265,0.10000000149011612,-0.0744795873761177,0.0855555571615696,-0.15466421806812286
1679897405.9074636,0.10000000149011612,-0.0744795873761177,0.0855555571615696,-0.15466421806812286
1679897405.9476867,0.10000000149011612,-0.0744795873761177,0.0905555572360754,-0.15838819743692872
1679897405.977895,0.10000000149011612,-0.08508369326591492,0.0905555572360754,-0.15838819743692872
1679897405.9980245,0.10000000149011612,-0.08508369326591492,0.0905555572360754,-0.15838819743692872
1679897406.0483346,0.10000000149011612,-0.08508369326591492,0.09555555731058121,-0.16264238210022447
1679897406.0785136,0.08888889104127884,-0.10987499356269836,0.09555555731058121,-0.16264238210022447
1679897406.0986435,0.08888889104127884,-0.10987499356269836,0.09555555731058121,-0.16264238210022447
1679897406.148922,0.08888889104127884,-0.10987499356269836,0.09500000178813935,-0.16240928994119166
1679897406.1891682,0.3933217525482178,-0.0673750787973404,0.09500000178813935,-0.16240928994119166
1679897406.199208,0.3933217525482178,-0.0673750787973404,0.09500000178813935,-0.16240928994119166
1679897406.2495024,0.3933217525482178,-0.0673750787973404,0.10069444626569748,-0.15861492158472537
1679897406.2796388,0.10000000149011612,-0.05123334378004074,0.10069444626569748,-0.15861492158472537
1679897406.2997255,0.10000000149011612,-0.05123334378004074,0.10069444626569748,-0.15861492158472537
1679897406.3499641,0.10000000149011612,-0.05123334378004074,0.10152777954936028,-0.1468061458468437
1679897406.3700864,0.10000000149011612,-0.05123334378004074,0.10152777954936028,-0.1468061458468437
1679897406.4008088,0.10000000149011612,-0.05123334378004074,0.10152777954936028,-0.1468061458468437
1679897406.4511213,0.10000000149011612,-0.05123334378004074,0.10152777954936028,-0.1388617262393236
1679897406.4712157,0.10000000149011612,-0.06784512847661972,0.10152777954936028,-0.1388617262393236
1679897406.5014284,0.10000000149011612,-0.06784512847661972,0.10152777954936028,-0.1388617262393236
1679897406.5517354,0.10000000149011612,-0.06784512847661972,0.10152777954936028,-0.12702157908678052
1679897406.5718637,0.10000000149011612,-0.09476505964994429,0.10152777954936028,-0.12702157908678052
1679897406.6020112,0.10000000149011612,-0.09476505964994429,0.10152777954936028,-0.12702157908678052
1679897406.6523077,0.10000000149011612,-0.09476505964994429,0.1018055573105812,-0.11749968008697032
1679897406.6724348,0.10000000149011612,-0.09476505964994429,0.1018055573105812,-0.11749968008697032
1679897406.7026196,0.10000000149011612,-0.09476505964994429,0.1018055573105812,-0.11749968008697032
1679897406.7529805,0.10000000149011612,-0.09476505964994429,0.10208333507180214,-0.1159777810871601
1679897406.773118,0.10000000149011612,-0.06735897809267044,0.10208333507180214,-0.1159777810871601
1679897406.8032982,0.10000000149011612,-0.06735897809267044,0.10208333507180214,-0.1159777810871601
1679897406.8535993,0.10000000149011612,-0.06735897809267044,0.10208333507180214,-0.1077774094492197
1679897406.8737187,0.06111111119389534,-0.00042911656782962376,0.10208333507180214,-0.1077774094492197
1679897406.9039032,0.06111111119389534,-0.00042911656782962376,0.10208333507180214,-0.1077774094492197
1679897406.9541872,0.06111111119389534,-0.00042911656782962376,0.1001388905569911,-0.09996943457826273
1679897406.9742835,0.06111111119389534,-0.00042911656782962376,0.1001388905569911,-0.09996943457826273
1679897407.0044508,0.06111111119389534,-0.00042911656782962376,0.1001388905569911,-0.09996943457826273
1679897407.0547874,0.06111111119389534,-0.00042911656782962376,0.09819444604218006,-0.08908666320948395
1679897407.0748796,0.09444444626569748,-0.11100900918245316,0.09819444604218006,-0.08908666320948395
1679897407.105065,0.09444444626569748,-0.11100900918245316,0.09819444604218006,-0.08908666320948395
1679897407.1496603,0.09444444626569748,-0.11100900918245316,0.09791666828095913,-0.08460767478554043
1679897407.1697893,0.09444444626569748,-0.11100900918245316,0.09791666828095913,-0.08460767478554043
1679897407.1999645,0.09444444626569748,-0.11100900918245316,0.09791666828095913,-0.08460767478554043
1679897407.2502785,0.09444444626569748,-0.11100900918245316,0.09902777932584286,-0.08462061681656632
1679897407.2704136,0.06111111119389534,-0.07998369634151459,0.09902777932584286,-0.08462061681656632
1679897407.3005912,0.06111111119389534,-0.07998369634151459,0.09902777932584286,-0.08462061681656632
1679897407.3508673,0.06111111119389534,-0.07998369634151459,0.09819444585591555,-0.08134117820172104
1679897407.3712463,0.10000000149011612,-0.1468488723039627,0.09819444585591555,-0.08134117820172104
1679897407.4015503,0.10000000149011612,-0.1468488723039627,0.09819444585591555,-0.08134117820172104
1679897407.451855,0.10000000149011612,-0.1468488723039627,0.0987500013783574,-0.07726893522648606
1679897407.4719772,0.06666667014360428,-0.04184162989258766,0.0987500013783574,-0.07726893522648606
1679897407.5021555,0.06666667014360428,-0.04184162989258766,0.0987500013783574,-0.07726893522648606
1679897407.5524518,0.06666667014360428,-0.04184162989258766,0.09708333481103182,-0.07058581900654826
1679897407.572575,0.07222222536802292,-0.14461947977542877,0.09708333481103182,-0.07058581900654826
1679897407.602769,0.07222222536802292,-0.14461947977542877,0.09708333481103182,-0.07058581900654826
1679897407.6530714,0.07222222536802292,-0.14461947977542877,0.09569444600492716,-0.07254759860096964
1679897407.6731956,0.10000000149011612,-0.2679571807384491,0.09569444600492716,-0.07254759860096964
1679897407.7033794,0.10000000149011612,-0.2679571807384491,0.09569444600492716,-0.07254759860096964
1679897407.753659,0.10000000149011612,-0.2679571807384491,0.09569444600492716,-0.08867626324354205
1679897407.7838566,0.07777778059244156,-0.053434014320373535,0.09569444600492716,-0.08867626324354205
1679897407.8039749,0.07777778059244156,-0.053434014320373535,0.09569444600492716,-0.08867626324354205
1679897407.8542242,0.07777778059244156,-0.053434014320373535,0.09458333496004342,-0.08880492788611445
1679897407.8743234,0.10000000149011612,-0.11976310610771179,0.09458333496004342,-0.08880492788611445
1679897407.9045236,0.10000000149011612,-0.11976310610771179,0.09458333496004342,-0.08880492788611445
1679897407.9549627,0.10000000149011612,-0.11976310610771179,0.09458333496004342,-0.09106910382269415
1679897407.9750915,0.10000000149011612,-0.13035008311271667,0.09458333496004342,-0.09106910382269415
1679897408.005273,0.10000000149011612,-0.13035008311271667,0.09458333496004342,-0.09106910382269415
1679897408.0555556,0.10000000149011612,-0.13035008311271667,0.09458333496004342,-0.09333242331503425
1679897408.0757246,0.09444444626569748,-0.036037985235452645,0.09458333496004342,-0.09333242331503425
1679897408.105871,0.09444444626569748,-0.036037985235452645,0.09458333496004342,-0.09333242331503425
1679897408.1561487,0.09444444626569748,-0.036037985235452645,0.09486111272126437,-0.08964057289867196
1679897408.1762536,0.10000000149011612,-0.22505815327167508,0.09486111272126437,-0.08964057289867196
1679897408.2064342,0.10000000149011612,-0.22505815327167508,0.09486111272126437,-0.08964057289867196
1679897408.2566943,0.10000000149011612,-0.22505815327167508,0.08916666824370623,-0.09607371822057757
1679897408.2868698,0.10000000149011612,-0.15883861482143402,0.08916666824370623,-0.09607371822057757
1679897408.3069916,0.10000000149011612,-0.15883861482143402,0.08916666824370623,-0.09607371822057757
1679897408.3573005,0.10000000149011612,-0.15883861482143402,0.08916666824370623,-0.10145398177264724
1679897408.3773887,0.10000000149011612,-0.23053951561450958,0.08916666824370623,-0.10145398177264724
1679897408.4075725,0.10000000149011612,-0.23053951561450958,0.08916666824370623,-0.10145398177264724
1679897408.447815,0.10000000149011612,-0.23053951561450958,0.08916666824370623,-0.11041929036437068
1679897408.4779885,0.10000000149011612,-0.23938104510307315,0.08916666824370623,-0.11041929036437068
1679897408.4981134,0.10000000149011612,-0.23938104510307315,0.08916666824370623,-0.11041929036437068
1679897408.548422,0.10000000149011612,-0.23938104510307315,0.08916666824370623,-0.11899608619569335
1679897408.5785575,0.10000000149011612,-0.06786783039569855,0.08916666824370623,-0.11899608619569335
1679897408.598677,0.10000000149011612,-0.06786783039569855,0.08916666824370623,-0.11899608619569335
1679897408.6389139,0.10000000149011612,-0.06786783039569855,0.08916666824370623,-0.11822688546834978
1679897408.6791208,0.10000000149011612,-0.09556952118873596,0.08916666824370623,-0.11822688546834978
1679897408.6992633,0.10000000149011612,-0.09556952118873596,0.08916666824370623,-0.11822688546834978
1679897408.7495322,0.10000000149011612,-0.09556952118873596,0.08916666824370623,-0.11826710854528937
1679897408.7797353,0.06111111119389534,0.051038052886724465,0.08916666824370623,-0.11826710854528937
1679897408.799853,0.06111111119389534,0.051038052886724465,0.08916666824370623,-0.11826710854528937
1679897408.8501086,0.06111111119389534,0.051038052886724465,0.08722222372889518,-0.11234725699631962
1679897408.8702266,0.10000000149011612,0.031697485595941544,0.08722222372889518,-0.11234725699631962
1679897408.9004073,0.10000000149011612,0.031697485595941544,0.08722222372889518,-0.11234725699631962
1679897408.9507043,0.10000000149011612,0.031697485595941544,0.08916666824370623,-0.11074092688813106
1679897408.970793,0.10000000149011612,0.0,0.08916666824370623,-0.11074092688813106
1679897409.0009763,0.10000000149011612,0.0,0.08916666824370623,-0.11074092688813106
1679897409.0512788,0.10000000149011612,0.0,0.09111111275851727,-0.11071947105973959
1679897409.0713975,0.10000000149011612,-0.2375058680772781,0.09111111275851727,-0.11071947105973959
1679897409.1015663,0.10000000149011612,-0.2375058680772781,0.09111111275851727,-0.11071947105973959
1679897409.1518419,0.10000000149011612,-0.2375058680772781,0.0913888905197382,-0.11316902060061693
1679897409.171965,0.10000000149011612,-0.2529509961605072,0.0913888905197382,-0.11316902060061693
1679897409.202159,0.10000000149011612,-0.2529509961605072,0.0913888905197382,-0.11316902060061693
1679897409.252467,0.10000000149011612,-0.2529509961605072,0.09166666828095912,-0.12026611994951963
1679897409.2725878,0.10000000149011612,-0.21428133547306058,0.09166666828095912,-0.12026611994951963
1679897409.3027704,0.10000000149011612,-0.21428133547306058,0.09166666828095912,-0.12026611994951963
1679897409.353094,0.10000000149011612,-0.21428133547306058,0.09361111279577017,-0.12698100190609693
1679897409.3732338,0.10000000149011612,-0.26646921038627625,0.09361111279577017,-0.12698100190609693
1679897409.4034216,0.10000000149011612,-0.26646921038627625,0.09361111279577017,-0.12698100190609693
1679897409.4537184,0.10000000149011612,-0.26646921038627625,0.09361111279577017,-0.1329620188102126
1679897409.4738326,0.10000000149011612,-0.27650022506713867,0.09361111279577017,-0.1329620188102126
1679897409.5040085,0.10000000149011612,-0.27650022506713867,0.09361111279577017,-0.1329620188102126
1679897409.5543077,0.10000000149011612,-0.27650022506713867,0.09527777936309575,-0.14469494856894016
1679897409.574428,0.10000000149011612,-0.2557241320610047,0.09527777936309575,-0.14469494856894016
1679897409.6046112,0.10000000149011612,-0.2557241320610047,0.09527777936309575,-0.14469494856894016
1679897409.6549275,0.10000000149011612,-0.2557241320610047,0.09666666816920041,-0.15025018118321895
1679897409.6750531,0.10000000149011612,-0.21049830317497253,0.09666666816920041,-0.15025018118321895
1679897409.7052324,0.10000000149011612,-0.21049830317497253,0.09666666816920041,-0.15025018118321895
1679897409.755548,0.10000000149011612,-0.21049830317497253,0.09666666816920041,-0.14737723730504512
1679897409.7857265,0.08888889104127884,-0.022597910836338997,0.09666666816920041,-0.14737723730504512
1679897409.8058543,0.08888889104127884,-0.022597910836338997,0.09666666816920041,-0.14737723730504512
1679897409.85616,0.08888889104127884,-0.022597910836338997,0.09722222369164228,-0.1445042934268713
1679897409.8762789,0.10000000149011612,-0.1830345541238785,0.09722222369164228,-0.1445042934268713
1679897409.9064665,0.10000000149011612,-0.1830345541238785,0.09722222369164228,-0.1445042934268713
1679897409.9567273,0.10000000149011612,-0.1830345541238785,0.09722222369164228,-0.14766786582767963
1679897409.9768512,0.10000000149011612,-0.26795944571495056,0.09722222369164228,-0.14766786582767963
1679897410.0070333,0.10000000149011612,-0.26795944571495056,0.09722222369164228,-0.14766786582767963
1679897410.057338,0.10000000149011612,-0.26795944571495056,0.09722222369164228,-0.15454833395779133
1679897410.0774577,0.10000000149011612,-0.11987005919218063,0.09722222369164228,-0.15454833395779133
1679897410.1076417,0.10000000149011612,-0.11987005919218063,0.09722222369164228,-0.15454833395779133
1679897410.1478624,0.10000000149011612,-0.11987005919218063,0.09750000145286322,-0.15873993765562772
1679897410.1780553,0.0833333358168602,-0.19089429080486295,0.09750000145286322,-0.15873993765562772
1679897410.1981761,0.0833333358168602,-0.19089429080486295,0.09750000145286322,-0.15873993765562772
1679897410.2484803,0.0833333358168602,-0.19089429080486295,0.09666666816920041,-0.15848275293409825
1679897410.278663,0.09444444626569748,0.1398407369852066,0.09666666816920041,-0.15848275293409825
1679897410.2987833,0.09444444626569748,0.1398407369852066,0.09666666816920041,-0.15848275293409825
1679897410.3490818,0.09444444626569748,0.1398407369852066,0.09638889040797949,-0.1520855367332697
1679897410.3792696,0.09444444626569748,0.0,0.09638889040797949,-0.1520855367332697
1679897410.3993626,0.09444444626569748,0.0,0.09638889040797949,-0.1520855367332697
1679897410.4496691,0.09444444626569748,0.0,0.09611111264675856,-0.1405585609525442
1679897410.4697852,0.10000000149011612,0.0,0.09611111264675856,-0.1405585609525442
1679897410.500006,0.10000000149011612,0.0,0.09611111264675856,-0.1405585609525442
1679897410.5503092,0.10000000149011612,0.0,0.09611111264675856,-0.12858950869739055
1679897410.5704312,0.10000000149011612,-0.10881357640028,0.09611111264675856,-0.12858950869739055
1679897410.600613,0.10000000149011612,-0.10881357640028,0.09611111264675856,-0.12858950869739055
1679897410.6509135,0.10000000149011612,-0.10881357640028,0.09611111264675856,-0.13006113526225088
1679897410.6710303,0.10000000149011612,-0.11520278453826904,0.09611111264675856,-0.13006113526225088
1679897410.7012057,0.10000000149011612,-0.11520278453826904,0.09611111264675856,-0.13006113526225088
1679897410.751516,0.10000000149011612,-0.11520278453826904,0.09611111264675856,-0.13104279842972755
1679897410.7716382,0.10000000149011612,0.03202066197991371,0.09611111264675856,-0.13104279842972755
1679897410.8017871,0.10000000149011612,0.03202066197991371,0.09611111264675856,-0.13104279842972755
1679897410.852084,0.10000000149011612,0.03202066197991371,0.09805555716156959,-0.1319936679750681
1679897410.872205,0.07222222536802292,-0.05663705244660378,0.09805555716156959,-0.1319936679750681
1679897410.9023871,0.07222222536802292,-0.05663705244660378,0.09805555716156959,-0.1319936679750681
1679897410.9526532,0.07222222536802292,-0.05663705244660378,0.09666666835546493,-0.13641039487719536
1679897410.9727705,0.10000000149011612,-0.12515011429786682,0.09666666835546493,-0.13641039487719536
1679897411.00295,0.10000000149011612,-0.12515011429786682,0.09666666835546493,-0.13641039487719536
1679897411.053225,0.10000000149011612,-0.12515011429786682,0.09666666835546493,-0.1426679005920887
1679897411.073344,0.10000000149011612,-0.08778206259012222,0.09666666835546493,-0.1426679005920887
1679897411.10351,0.10000000149011612,-0.08778206259012222,0.09666666835546493,-0.1426679005920887
1679897411.1537814,0.10000000149011612,-0.08778206259012222,0.09666666835546493,-0.1390570037215948
1679897411.1739044,0.10000000149011612,-0.09644576907157898,0.09666666835546493,-0.1390570037215948
1679897411.204083,0.10000000149011612,-0.09644576907157898,0.09666666835546493,-0.1390570037215948
1679897411.254384,0.10000000149011612,-0.09644576907157898,0.09666666835546493,-0.13123174236714838
1679897411.2745023,0.0833333358168602,0.04754864424467087,0.09666666835546493,-0.13123174236714838
1679897411.3046834,0.0833333358168602,0.04754864424467087,0.09666666835546493,-0.13123174236714838
1679897411.354946,0.0833333358168602,0.04754864424467087,0.09583333507180214,-0.1181402433812618
1679897411.3750696,0.06111111119389534,0.0,0.09583333507180214,-0.1181402433812618
1679897411.4052503,0.06111111119389534,0.0,0.09583333507180214,-0.1181402433812618
1679897411.4555442,0.06111111119389534,0.0,0.0938888905569911,-0.104816782861948
1679897411.4756634,0.10000000149011612,0.0,0.0938888905569911,-0.104816782861948
1679897411.5058446,0.10000000149011612,0.0,0.0938888905569911,-0.104816782861948
1679897411.5561337,0.10000000149011612,0.0,0.0938888905569911,-0.09099177160859108
1679897411.5762584,0.09444444626569748,-0.07646501064300537,0.0938888905569911,-0.09099177160859108
1679897411.606465,0.09444444626569748,-0.07646501064300537,0.0938888905569911,-0.09099177160859108
1679897411.656744,0.09444444626569748,-0.07646501064300537,0.09361111279577017,-0.0820288155376911
1679897411.6768658,0.09444444626569748,0.03735331073403358,0.09361111279577017,-0.0820288155376911
1679897411.7070425,0.09444444626569748,0.03735331073403358,0.09361111279577017,-0.0820288155376911
1679897411.7573495,0.09444444626569748,0.03735331073403358,0.09333333503454924,-0.06963623484224081
1679897411.7774682,0.10000000149011612,0.0,0.09333333503454924,-0.06963623484224081
1679897411.807658,0.10000000149011612,0.0,0.09333333503454924,-0.06963623484224081
1679897411.8479104,0.10000000149011612,0.0,0.0938888905569911,-0.06711131968349218
1679897411.87808,0.10000000149011612,-0.0588519349694252,0.0938888905569911,-0.06711131968349218
1679897411.8982003,0.10000000149011612,-0.0588519349694252,0.0938888905569911,-0.06711131968349218
1679897411.9484973,0.10000000149011612,-0.0588519349694252,0.0938888905569911,-0.06090218872576951
1679897411.9786847,0.10000000149011612,-0.04732305556535721,0.0938888905569911,-0.06090218872576951
1679897411.9988015,0.10000000149011612,-0.04732305556535721,0.0938888905569911,-0.06090218872576951
1679897412.049091,0.10000000149011612,-0.04732305556535721,0.0938888905569911,-0.04987036921828985
1679897412.0792747,0.0833333358168602,-0.0038315309211611748,0.0938888905569911,-0.04987036921828985
1679897412.099398,0.0833333358168602,-0.0038315309211611748,0.0938888905569911,-0.04987036921828985
1679897412.149703,0.0833333358168602,-0.0038315309211611748,0.0930555572733283,-0.04406844280473887
1679897412.1698096,0.10000000149011612,0.08763316273689271,0.0930555572733283,-0.04406844280473887
1679897412.1899312,0.10000000149011612,0.08763316273689271,0.0930555572733283,-0.04406844280473887
1679897412.2502706,0.10000000149011612,0.08763316273689271,0.0938888905569911,-0.030142070127651095
1679897412.2804618,0.42109477519989014,-0.06837261468172073,0.0938888905569911,-0.030142070127651095
1679897412.3005807,0.42109477519989014,-0.06837261468172073,0.0938888905569911,-0.030142070127651095
1679897412.3508863,0.42109477519989014,-0.06837261468172073,0.10041666831821203,-0.03201598632149398
1679897412.3710105,0.10000000149011612,-0.06506534665822984,0.10041666831821203,-0.03201598632149398
1679897412.4011934,0.10000000149011612,-0.06506534665822984,0.10041666831821203,-0.03201598632149398
1679897412.451476,0.10000000149011612,-0.06506534665822984,0.10069444607943297,-0.035269253654405475
1679897412.471596,0.07222222536802292,-0.04703070968389511,0.10069444607943297,-0.035269253654405475
1679897412.5017426,0.07222222536802292,-0.04703070968389511,0.10069444607943297,-0.035269253654405475
1679897412.5520473,0.07222222536802292,-0.04703070968389511,0.09930555727332831,-0.03762078913860023
1679897412.572168,0.10000000149011612,-0.05015759915113449,0.09930555727332831,-0.03762078913860023
1679897412.602348,0.10000000149011612,-0.05015759915113449,0.09930555727332831,-0.03762078913860023
1679897412.6528363,0.10000000149011612,-0.05015759915113449,0.09930555727332831,-0.03468799027614296
1679897412.672963,0.09444444626569748,-0.03441741317510605,0.09930555727332831,-0.03468799027614296
1679897412.7031446,0.09444444626569748,-0.03441741317510605,0.09930555727332831,-0.03468799027614296
1679897412.7534153,0.09444444626569748,-0.03441741317510605,0.09902777951210737,-0.030648721707984806
1679897412.7836015,0.27592384815216064,-0.12289778143167496,0.09902777951210737,-0.030648721707984806
1679897412.8037293,0.27592384815216064,-0.12289778143167496,0.09902777951210737,-0.030648721707984806
1679897412.8540256,0.27592384815216064,-0.12289778143167496,0.10500000175088645,-0.03839464387856424
1679897412.8741481,0.10000000149011612,-0.0489998459815979,0.10500000175088645,-0.03839464387856424
1679897412.9043274,0.10000000149011612,-0.0489998459815979,0.10500000175088645,-0.03839464387856424
1679897412.9545777,0.10000000149011612,-0.0489998459815979,0.1063888905569911,-0.03801278355531394
1679897412.9746978,0.10000000149011612,-0.06902731955051422,0.1063888905569911,-0.03801278355531394
1679897413.0048761,0.10000000149011612,-0.06902731955051422,0.1063888905569911,-0.03801278355531394
1679897413.0551949,0.10000000149011612,-0.06902731955051422,0.1063888905569911,-0.03520664381794632
1679897413.075314,0.10000000149011612,-0.06808079779148102,0.1063888905569911,-0.03520664381794632
1679897413.105492,0.10000000149011612,-0.06808079779148102,0.1063888905569911,-0.03520664381794632
1679897413.155799,0.10000000149011612,-0.06808079779148102,0.1063888905569911,-0.034221580578014256
1679897413.1759198,0.10000000149011612,-0.06373341381549835,0.1063888905569911,-0.034221580578014256
1679897413.2061028,0.10000000149011612,-0.06373341381549835,0.1063888905569911,-0.034221580578014256
1679897413.2564108,0.10000000149011612,-0.06373341381549835,0.1063888905569911,-0.03258596281521022
1679897413.276537,0.10000000149011612,-0.05889212340116501,0.1063888905569911,-0.03258596281521022
1679897413.3067179,0.10000000149011612,-0.05889212340116501,0.1063888905569911,-0.03258596281521022
1679897413.3570216,0.10000000149011612,-0.05889212340116501,0.1072222238406539,-0.03790800119750202
1679897413.3771462,0.10000000149011612,-0.05288681387901306,0.1072222238406539,-0.03790800119750202
1679897413.4073324,0.10000000149011612,-0.05288681387901306,0.1072222238406539,-0.03790800119750202
1679897413.4576497,0.10000000149011612,-0.05288681387901306,0.10916666835546493,-0.04055234189145267
1679897413.4777834,0.10000000149011612,-0.024623414501547813,0.10916666835546493,-0.04055234189145267
1679897413.4979088,0.10000000149011612,-0.024623414501547813,0.10916666835546493,-0.04055234189145267
1679897413.548209,0.10000000149011612,-0.024623414501547813,0.10916666835546493,-0.04178351261653006
1679897413.5783906,0.10000000149011612,0.011903414502739908,0.10916666835546493,-0.04178351261653006
1679897413.5985143,0.10000000149011612,0.011903414502739908,0.10916666835546493,-0.04178351261653006
1679897413.648824,0.10000000149011612,0.011903414502739908,0.10944444611668587,-0.0373650913592428
1679897413.6789813,0.10000000149011612,-0.0410139337182045,0.10944444611668587,-0.0373650913592428
1679897413.699106,0.10000000149011612,-0.0410139337182045,0.10944444611668587,-0.0373650913592428
1679897413.7493298,0.10000000149011612,-0.0410139337182045,0.1097222238779068,-0.0412834535818547
1679897413.7895682,0.1259526014328003,-0.13939502835273743,0.1097222238779068,-0.0412834535818547
1679897413.7996314,0.1259526014328003,-0.13939502835273743,0.1097222238779068,-0.0412834535818547
1679897413.8499048,0.1259526014328003,-0.13939502835273743,0.11101985387504101,-0.048253204999491574
1679897413.8699985,0.0833333358168602,0.09767867624759674,0.11101985387504101,-0.048253204999491574
1679897413.900175,0.0833333358168602,0.09767867624759674,0.11101985387504101,-0.048253204999491574
1679897413.9504812,0.0833333358168602,0.09767867624759674,0.1101865205913782,-0.044280359668657183
1679897413.9706028,0.10000000149011612,0.0,0.1101865205913782,-0.044280359668657183
1679897414.00077,0.10000000149011612,0.0,0.1101865205913782,-0.044280359668657183
1679897414.0510757,0.10000000149011612,0.0,0.1101865205913782,-0.04191420689038932
1679897414.0711937,0.09444444626569748,0.04268212616443634,0.1101865205913782,-0.04191420689038932
1679897414.1013868,0.09444444626569748,0.04268212616443634,0.1101865205913782,-0.04191420689038932
1679897414.1517048,0.09444444626569748,0.04268212616443634,0.11074207611382007,-0.03958852403610945
1679897414.1718237,0.10000000149011612,0.004658991005271673,0.11074207611382007,-0.03958852403610945
1679897414.2020078,0.10000000149011612,0.004658991005271673,0.11074207611382007,-0.03958852403610945
1679897414.2523348,0.10000000149011612,0.004658991005271673,0.11074207611382007,-0.0437372326226905
1679897414.2724557,0.0833333358168602,-0.21235395967960355,0.11074207611382007,-0.0437372326226905
1679897414.3026404,0.0833333358168602,-0.21235395967960355,0.11074207611382007,-0.0437372326226905
1679897414.3529212,0.0833333358168602,-0.21235395967960355,0.10365874283015727,-0.048085652338340876
1679897414.3730407,0.10000000149011612,-0.07119682431221008,0.10365874283015727,-0.048085652338340876
1679897414.4032297,0.10000000149011612,-0.07119682431221008,0.10365874283015727,-0.048085652338340876
1679897414.4535446,0.10000000149011612,-0.07119682431221008,0.10365874283015727,-0.04839222622103989
1679897414.4736633,0.10000000149011612,-0.09605542570352554,0.10365874283015727,-0.04839222622103989
1679897414.5038998,0.10000000149011612,-0.09605542570352554,0.10365874283015727,-0.04839222622103989
1679897414.5542097,0.10000000149011612,-0.09605542570352554,0.10504763163626193,-0.05084346202202141
1679897414.5743427,0.10000000149011612,-0.06498598307371138,0.10504763163626193,-0.05084346202202141
1679897414.604485,0.10000000149011612,-0.06498598307371138,0.10504763163626193,-0.05084346202202141
1679897414.6547933,0.10000000149011612,-0.06498598307371138,0.10504763163626193,-0.05158488121815026
1679897414.6749132,0.06111111119389534,-0.07004642486572267,0.10504763163626193,-0.05158488121815026
1679897414.7050982,0.06111111119389534,-0.07004642486572267,0.10504763163626193,-0.05158488121815026
1679897414.7554028,0.06111111119389534,-0.07004642486572267,0.10338096488267183,-0.05336633180268109
1679897414.7755237,0.10000000149011612,-0.16523779928684232,0.10338096488267183,-0.05336633180268109
1679897414.8057084,0.10000000149011612,-0.16523779928684232,0.10338096488267183,-0.05336633180268109
1679897414.8560214,0.10000000149011612,-0.16523779928684232,0.09740874264389277,-0.05548333269543946
1679897414.876143,0.10000000149011612,0.029383264482021332,0.09740874264389277,-0.05548333269543946
1679897414.9063213,0.10000000149011612,0.029383264482021332,0.09740874264389277,-0.05548333269543946
1679897414.9566193,0.10000000149011612,0.029383264482021332,0.09740874264389277,-0.053295230360701676
1679897414.97674,0.10000000149011612,-0.058440662920475,0.09740874264389277,-0.053295230360701676
1679897415.0069268,0.10000000149011612,-0.058440662920475,0.09740874264389277,-0.053295230360701676
1679897415.0471709,0.10000000149011612,-0.058440662920475,0.09740874264389277,-0.05276589752919971
1679897415.0773554,0.10000000149011612,-0.07562058418989183,0.09740874264389277,-0.05276589752919971
1679897415.1075351,0.10000000149011612,-0.07562058418989183,0.09740874264389277,-0.05276589752919971
1679897415.1479688,0.10000000149011612,-0.07562058418989183,0.09740874264389277,-0.05314288684912026
1679897415.178151,0.06111111119389534,-0.05807497724890708,0.09740874264389277,-0.05314288684912026
1679897415.1982708,0.06111111119389534,-0.05807497724890708,0.09740874264389277,-0.05314288684912026
1679897415.2485778,0.06111111119389534,-0.05807497724890708,0.09546429812908172,-0.05285996502079069
1679897415.2887907,0.22598238289356232,-0.06400373578071594,0.09546429812908172,-0.05285996502079069
1679897415.2988532,0.22598238289356232,-0.06400373578071594,0.09546429812908172,-0.05285996502079069
1679897415.3491285,0.22598238289356232,-0.06400373578071594,0.09976985361427068,-0.05311554563976824
1679897415.3793128,0.10000000149011612,-0.08099323511123659,0.09976985361427068,-0.05311554563976824
1679897415.3994343,0.10000000149011612,-0.08099323511123659,0.09976985361427068,-0.05311554563976824
1679897415.4497,0.10000000149011612,-0.08099323511123659,0.09976985361427068,-0.054520866701379414
1679897415.4697893,0.10000000149011612,-0.07556585967540741,0.09976985361427068,-0.054520866701379414
1679897415.499967,0.10000000149011612,-0.07556585967540741,0.09976985361427068,-0.054520866701379414
1679897415.5502791,0.10000000149011612,-0.07556585967540741,0.09976985361427068,-0.057067988960072404
1679897415.5704033,0.06111111119389534,-0.04036897048354148,0.09976985361427068,-0.057067988960072404
1679897415.6005855,0.06111111119389534,-0.04036897048354148,0.09976985361427068,-0.057067988960072404
1679897415.6508868,0.06111111119389534,-0.04036897048354148,0.09782540909945965,-0.05968160820938647
1679897415.6710074,0.10000000149011612,0.0,0.09782540909945965,-0.05968160820938647
1679897415.7011776,0.10000000149011612,0.0,0.09782540909945965,-0.05968160820938647
1679897415.7514746,0.10000000149011612,0.0,0.09782540909945965,-0.05763091152347625
1679897415.7715933,0.0555555559694767,0.004802496638149023,0.09782540909945965,-0.05763091152347625
1679897415.8017895,0.0555555559694767,0.004802496638149023,0.09782540909945965,-0.05763091152347625
1679897415.8520882,0.0555555559694767,0.004802496638149023,0.09430555682629346,-0.050421035273931915
1679897415.8722095,0.10000000149011612,0.0,0.09430555682629346,-0.050421035273931915
1679897415.9023898,0.10000000149011612,0.0,0.09430555682629346,-0.050421035273931915
1679897415.9526873,0.10000000149011612,0.0,0.09513889010995627,-0.05145128385629505
1679897415.9728084,0.10000000149011612,0.0,0.09513889010995627,-0.05145128385629505
1679897416.0029922,0.10000000149011612,0.0,0.09513889010995627,-0.05145128385629505
1679897416.0532975,0.10000000149011612,0.0,0.09513889010995627,-0.05145128385629505
1679897416.0734203,0.06111111119389534,-0.12030079215764998,0.09513889010995627,-0.05145128385629505
1679897416.103603,0.06111111119389534,-0.12030079215764998,0.09513889010995627,-0.05145128385629505
1679897416.1539054,0.06111111119389534,-0.12030079215764998,0.09347222335636615,-0.05960042977239936
1679897416.174152,0.05000000074505806,-0.10758868604898451,0.09347222335636615,-0.05960042977239936
1679897416.204316,0.05000000074505806,-0.10758868604898451,0.09347222335636615,-0.05960042977239936
1679897416.2545824,0.05000000074505806,-0.10758868604898451,0.09097222331911325,-0.06521281362511218
1679897416.274705,0.10000000149011612,-0.06272076070308685,0.09097222331911325,-0.06521281362511218
1679897416.3048415,0.10000000149011612,-0.06272076070308685,0.09097222331911325,-0.06521281362511218
1679897416.3552105,0.10000000149011612,-0.06272076070308685,0.09180555660277605,-0.0605818012105301
1679897416.385394,0.10000000149011612,-0.08648239076137541,0.09180555660277605,-0.0605818012105301
1679897416.405521,0.10000000149011612,-0.08648239076137541,0.09180555660277605,-0.0605818012105301
1679897416.4558566,0.10000000149011612,-0.08648239076137541,0.09180555660277605,-0.06134607953298836
1679897416.4759765,0.09444444626569748,-0.07192706316709518,0.09180555660277605,-0.06134607953298836
1679897416.5061076,0.09444444626569748,-0.07192706316709518,0.09180555660277605,-0.06134607953298836
1679897416.5564053,0.09444444626569748,-0.07192706316709518,0.09152777884155512,-0.06013966140616685
1679897416.5765293,0.10000000149011612,-0.06457304954528807,0.09152777884155512,-0.06013966140616685
1679897416.6066957,0.10000000149011612,-0.06457304954528807,0.09152777884155512,-0.06013966140616685
1679897416.657196,0.10000000149011612,-0.06457304954528807,0.09152777884155512,-0.06011901472974568
1679897416.6773548,0.10000000149011612,-0.11600418388843538,0.09152777884155512,-0.06011901472974568
1679897416.7075202,0.10000000149011612,-0.11600418388843538,0.09152777884155512,-0.06011901472974568
1679897416.7477334,0.10000000149011612,-0.11600418388843538,0.09347222335636615,-0.06241690268088131
1679897416.787981,0.11237800121307373,-0.11183112859725952,0.09347222335636615,-0.06241690268088131
1679897416.798041,0.11237800121307373,-0.11183112859725952,0.09347222335636615,-0.06241690268088131
1679897416.8483512,0.11237800121307373,-0.11183112859725952,0.09409112334251404,-0.05974656914640218
1679897416.8785412,0.10000000149011612,-0.09787042438983917,0.09409112334251404,-0.05974656914640218
1679897416.8986633,0.10000000149011612,-0.09787042438983917,0.09409112334251404,-0.05974656914640218
1679897416.9489639,0.10000000149011612,-0.09787042438983917,0.09409112334251404,-0.06437820040155202
1679897416.9791486,0.10000000149011612,-0.09658355265855789,0.09409112334251404,-0.06437820040155202
1679897416.999273,0.10000000149011612,-0.09658355265855789,0.09409112334251404,-0.06437820040155202
1679897417.0495806,0.10000000149011612,-0.09658355265855789,0.09409112334251404,-0.06628534488845617
1679897417.0697029,0.10000000149011612,-0.09658355265855789,0.09409112334251404,-0.06628534488845617
1679897417.0998545,0.10000000149011612,-0.09658355265855789,0.09409112334251404,-0.06628534488845617
1679897417.1501582,0.10000000149011612,-0.09658355265855789,0.09409112334251404,-0.06733349331188947
1679897417.1702776,0.07777778059244156,-0.1096842959523201,0.09409112334251404,-0.06733349331188947
1679897417.2004614,0.07777778059244156,-0.1096842959523201,0.09409112334251404,-0.06733349331188947
1679897417.2507594,0.07777778059244156,-0.1096842959523201,0.09492445681244135,-0.06991395924706012
1679897417.2809339,0.10000000149011612,-0.050915032625198364,0.09492445681244135,-0.06991395924706012
1679897417.3010538,0.10000000149011612,-0.050915032625198364,0.09492445681244135,-0.06991395924706012
1679897417.3513563,0.10000000149011612,-0.050915032625198364,0.0906189013272524,-0.06925952408928424
1679897417.3714762,0.08888889104127884,-0.09657824039459229,0.0906189013272524,-0.06925952408928424
1679897417.4016657,0.08888889104127884,-0.09657824039459229,0.0906189013272524,-0.06925952408928424
1679897417.4519577,0.08888889104127884,-0.09657824039459229,0.09006334580481053,-0.07003877435345203
1679897417.4737957,0.10000000149011612,-0.08364300429821016,0.09006334580481053,-0.07003877435345203
1679897417.4939234,0.10000000149011612,-0.08364300429821016,0.09006334580481053,-0.07003877435345203
1679897417.554259,0.10000000149011612,-0.08364300429821016,0.09006334580481053,-0.07044263158459216
1679897417.5743794,0.10000000149011612,-0.08291010558605194,0.09006334580481053,-0.07044263158459216
1679897417.6045597,0.10000000149011612,-0.08291010558605194,0.09006334580481053,-0.07044263158459216
1679897417.654864,0.10000000149011612,-0.08291010558605194,0.09200779031962156,-0.07256968833971769
1679897417.6749723,0.05000000074505806,-0.05812198668718337,0.09200779031962156,-0.07256968833971769
1679897417.7051523,0.05000000074505806,-0.05812198668718337,0.09200779031962156,-0.07256968833971769
1679897417.7554522,0.05000000074505806,-0.05812198668718337,0.08950779028236866,-0.07547578767407685
1679897417.7856488,0.05000000074505806,-0.18899327516555786,0.08950779028236866,-0.07547578767407685
1679897417.8057911,0.05000000074505806,-0.18899327516555786,0.08950779028236866,-0.07547578767407685
1679897417.8561008,0.05000000074505806,-0.18899327516555786,0.08923001252114773,-0.0851655762642622
1679897417.8717382,0.10000000149011612,-0.123672716319561,0.08923001252114773,-0.0851655762642622
1679897417.901923,0.10000000149011612,-0.123672716319561,0.08923001252114773,-0.0851655762642622
1679897417.9521883,0.10000000149011612,-0.123672716319561,0.08923001252114773,-0.09134921208024024
1679897417.9723096,0.10000000149011612,-0.13567811250686646,0.08923001252114773,-0.09134921208024024
1679897418.0024517,0.10000000149011612,-0.13567811250686646,0.08923001252114773,-0.09134921208024024
1679897418.0527093,0.10000000149011612,-0.13567811250686646,0.08923001252114773,-0.09813311770558357
1679897418.07283,0.05000000074505806,-0.14168800413608554,0.08923001252114773,-0.09813311770558357
1679897418.1030111,0.05000000074505806,-0.14168800413608554,0.08923001252114773,-0.09813311770558357
1679897418.153317,0.05000000074505806,-0.14168800413608554,0.08867445699870587,-0.09920247830450535
1679897418.173427,0.10000000149011612,-0.1105109304189682,0.08867445699870587,-0.09920247830450535
1679897418.203608,0.10000000149011612,-0.1105109304189682,0.08867445699870587,-0.09920247830450535
1679897418.2538652,0.10000000149011612,-0.1105109304189682,0.09117445703595876,-0.09934859052300453
1679897418.28405,0.10745774209499359,-0.003021261189132929,0.09117445703595876,-0.09934859052300453
1679897418.3041677,0.10745774209499359,-0.003021261189132929,0.09117445703595876,-0.09934859052300453
1679897418.354414,0.10745774209499359,-0.003021261189132929,0.09154734406620264,-0.09636361554730684
1679897418.3745291,0.10000000149011612,-0.12851953506469727,0.09154734406620264,-0.09636361554730684
1679897418.4047163,0.10000000149011612,-0.12851953506469727,0.09154734406620264,-0.09636361554730684
1679897418.4550047,0.10000000149011612,-0.12851953506469727,0.09154734406620264,-0.09846547276247293
1679897418.4751315,0.05000000074505806,0.014529299922287464,0.09154734406620264,-0.09846547276247293
1679897418.505316,0.05000000074505806,0.014529299922287464,0.09154734406620264,-0.09846547276247293
1679897418.5556142,0.05000000074505806,0.014529299922287464,0.08932512179017067,-0.09414265460800379
1679897418.575731,0.10000000149011612,0.0,0.08932512179017067,-0.09414265460800379
1679897418.6059039,0.10000000149011612,0.0,0.08932512179017067,-0.09414265460800379
1679897418.656206,0.10000000149011612,0.0,0.08932512179017067,-0.09091400213073939
1679897418.6763098,0.10000000149011612,0.0,0.08932512179017067,-0.09091400213073939
1679897418.706479,0.10000000149011612,0.0,0.08932512179017067,-0.09091400213073939
1679897418.7567873,0.10000000149011612,0.0,0.08932512179017067,-0.08511379293631763
1679897418.7769072,0.10000000149011612,0.0,0.08932512179017067,-0.08511379293631763
1679897418.8070886,0.10000000149011612,0.0,0.08932512179017067,-0.08511379293631763
1679897418.8573847,0.10000000149011612,0.0,0.0887062218040228,-0.07952223650645465
1679897418.877471,0.10000000149011612,-0.23278380930423734,0.0887062218040228,-0.07952223650645465
1679897418.9076502,0.10000000149011612,-0.23278380930423734,0.0887062218040228,-0.07952223650645465
1679897418.9478645,0.10000000149011612,-0.23278380930423734,0.0887062218040228,-0.0826287152869627
1679897418.9780426,0.10000000149011612,-0.2177710831165314,0.0887062218040228,-0.0826287152869627
1679897418.9981165,0.10000000149011612,-0.2177710831165314,0.0887062218040228,-0.0826287152869627
1679897419.0484223,0.10000000149011612,-0.2177710831165314,0.0887062218040228,-0.08868809180986137
1679897419.078564,0.10000000149011612,-0.2177710831165314,0.0887062218040228,-0.08868809180986137
1679897419.0986533,0.10000000149011612,-0.2177710831165314,0.0887062218040228,-0.08868809180986137
1679897419.1489446,0.10000000149011612,-0.2177710831165314,0.0887062218040228,-0.09474746833276004
1679897419.1791432,0.10000000149011612,-0.21704035997390747,0.0887062218040228,-0.09474746833276004
1679897419.1992977,0.10000000149011612,-0.21704035997390747,0.0887062218040228,-0.09474746833276004
1679897419.2495973,0.10000000149011612,-0.21704035997390747,0.08981733284890651,-0.10011527153383941
1679897419.2697182,0.10000000149011612,-0.21704035997390747,0.08981733284890651,-0.10011527153383941
1679897419.2999055,0.10000000149011612,-0.21704035997390747,0.08981733284890651,-0.10011527153383941
1679897419.3501906,0.10000000149011612,-0.21704035997390747,0.08981733284890651,-0.10842153790127487
1679897419.3705463,0.10000000149011612,-0.1816937029361725,0.08981733284890651,-0.10842153790127487
1679897419.4007325,0.10000000149011612,-0.1816937029361725,0.08981733284890651,-0.10842153790127487
1679897419.451032,0.10000000149011612,-0.1816937029361725,0.09037288837134838,-0.11267731102835388
1679897419.4711566,0.07222222536802292,-0.1832917034626007,0.09037288837134838,-0.11267731102835388
1679897419.501352,0.07222222536802292,-0.1832917034626007,0.09037288837134838,-0.11267731102835388
1679897419.5516167,0.07222222536802292,-0.1832917034626007,0.08898399956524372,-0.1176597459865734
1679897419.5717273,0.0833333358168602,-0.22880133986473083,0.08898399956524372,-0.1176597459865734
1679897419.6019053,0.0833333358168602,-0.22880133986473083,0.08898399956524372,-0.1176597459865734
1679897419.6522098,0.0833333358168602,-0.22880133986473083,0.08815066628158093,-0.12495430770050735
1679897419.6723325,0.09444444626569748,-0.17769396305084229,0.08815066628158093,-0.12495430770050735
1679897419.7025251,0.09444444626569748,-0.17769396305084229,0.08815066628158093,-0.12495430770050735
1679897419.7528243,0.09444444626569748,-0.17769396305084229,0.0903728885576129,-0.1309329065186903
1679897419.7729807,0.10000000149011612,-0.2589777708053589,0.0903728885576129,-0.1309329065186903
1679897419.8031654,0.10000000149011612,-0.2589777708053589,0.0903728885576129,-0.1309329065186903
1679897419.853466,0.10000000149011612,-0.2589777708053589,0.0928728885948658,-0.13443213130068035
1679897419.8735845,0.10000000149011612,-0.18898801505565643,0.0928728885948658,-0.13443213130068035
1679897419.9037921,0.10000000149011612,-0.18898801505565643,0.0928728885948658,-0.13443213130068035
1679897419.9540899,0.10000000149011612,-0.18898801505565643,0.0928728885948658,-0.13769789623748513
1679897419.9742079,0.0,0.0,0.0928728885948658,-0.13769789623748513
1679897420.0044081,0.0,0.0,0.0928728885948658,-0.13769789623748513
1679897420.0547125,0.0,0.0,0.08787288852035999,-0.13236339136492462
1679897420.1050165,0.0,0.0,0.08787288852035999,-0.13236339136492462
1679897420.155292,0.0,0.0,0.08787288852035999,-0.13236339136492462
1679897420.2056053,0.0,0.0,0.08787288852035999,-0.13236339136492462
1679897420.2559133,0.0,0.0,0.08787288852035999,-0.13236339136492462
1679897420.2760358,0.10000000149011612,-0.11952066421508792,0.08787288852035999,-0.13236339136492462
1679897420.3062215,0.10000000149011612,-0.11952066421508792,0.08787288852035999,-0.13236339136492462
1679897420.3565326,0.10000000149011612,-0.11952066421508792,0.0903728885576129,-0.13125502436887473
1679897420.3867157,0.05000000074505806,-0.14927062392234805,0.0903728885576129,-0.13125502436887473
1679897420.4068367,0.05000000074505806,-0.14927062392234805,0.0903728885576129,-0.13125502436887473
1679897420.4571388,0.05000000074505806,-0.14927062392234805,0.08787288852035999,-0.13319300904404371
1679897420.4772582,0.05000000074505806,-0.1580033302307129,0.08787288852035999,-0.13319300904404371
1679897420.50745,0.05000000074505806,-0.1580033302307129,0.08787288852035999,-0.13319300904404371
1679897420.5577486,0.05000000074505806,-0.1580033302307129,0.08500000145286321,-0.1409421124961227
1679897420.5778806,0.10000000149011612,-0.13819171488285065,0.08500000145286321,-0.1409421124961227
1679897420.5980072,0.10000000149011612,-0.13819171488285065,0.08500000145286321,-0.1409421124961227
1679897420.648307,0.10000000149011612,-0.13819171488285065,0.08500000145286321,-0.1414257214870304
1679897420.6787386,0.10000000149011612,-0.17470400035381314,0.08500000145286321,-0.1414257214870304
1679897420.6988585,0.10000000149011612,-0.17470400035381314,0.08500000145286321,-0.1414257214870304
1679897420.7492898,0.10000000149011612,-0.17470400035381314,0.08750000149011612,-0.1508873865008354
1679897420.77947,0.05000000074505806,-0.1807793527841568,0.08750000149011612,-0.1508873865008354
1679897420.7995927,0.05000000074505806,-0.1807793527841568,0.08750000149011612,-0.1508873865008354
1679897420.8499079,0.05000000074505806,-0.1807793527841568,0.08500000145286321,-0.15992635414004325
1679897420.8700266,0.10000000149011612,-0.19856713712215424,0.08500000145286321,-0.15992635414004325
1679897420.9002128,0.10000000149011612,-0.19856713712215424,0.08500000145286321,-0.15992635414004325
1679897420.9504972,0.10000000149011612,-0.19856713712215424,0.08500000145286321,-0.16985471099615096
1679897420.9706132,0.10000000149011612,-0.22953490912914276,0.08500000145286321,-0.16985471099615096
1679897421.0007913,0.10000000149011612,-0.22953490912914276,0.08500000145286321,-0.16985471099615096
1679897421.0510938,0.10000000149011612,-0.22953490912914276,0.08500000145286321,-0.18133145645260812
1679897421.0712142,0.10000000149011612,-0.18836650252342224,0.08500000145286321,-0.18133145645260812
1679897421.1013901,0.10000000149011612,-0.18836650252342224,0.08500000145286321,-0.18133145645260812
1679897421.1517031,0.10000000149011612,-0.18836650252342224,0.08500000145286321,-0.18274978157877922
1679897421.1718254,0.05000000074505806,-0.22484378516674042,0.08500000145286321,-0.18274978157877922
1679897421.202006,0.05000000074505806,-0.22484378516674042,0.08500000145286321,-0.18274978157877922
1679897421.252299,0.05000000074505806,-0.22484378516674042,0.08250000141561031,-0.18310341668128965
1679897421.2724197,0.10000000149011612,-0.20252034068107608,0.08250000141561031,-0.18310341668128965
1679897421.3026,0.10000000149011612,-0.20252034068107608,0.08250000141561031,-0.18310341668128965
1679897421.3529081,0.10000000149011612,-0.20252034068107608,0.08250000141561031,-0.1823408795595169
1679897421.3729808,0.10000000149011612,0.0,0.08250000141561031,-0.1823408795595169
1679897421.4031677,0.10000000149011612,0.0,0.08250000141561031,-0.1823408795595169
1679897421.453458,0.10000000149011612,0.0,0.08250000141561031,-0.17361487859487532
1679897421.4735835,0.10000000149011612,-0.14788196980953217,0.08250000141561031,-0.17361487859487532
1679897421.5037377,0.10000000149011612,-0.14788196980953217,0.08250000141561031,-0.17361487859487532
1679897421.5540533,0.10000000149011612,-0.14788196980953217,0.08250000141561031,-0.17015695908665657
1679897421.5741713,0.05000000074505806,-0.1676262468099594,0.08250000141561031,-0.17015695908665657
1679897421.6043522,0.05000000074505806,-0.1676262468099594,0.08250000141561031,-0.17015695908665657
1679897421.6546614,0.05000000074505806,-0.1676262468099594,0.08000000137835742,-0.1694535862803459
1679897421.6747816,0.08888889104127884,-0.16833710670471191,0.08000000137835742,-0.1694535862803459
1679897421.7049763,0.08888889104127884,-0.16833710670471191,0.08000000137835742,-0.1694535862803459
1679897421.7552946,0.08888889104127884,-0.16833710670471191,0.08083333466202021,-0.16870585644245145
1679897421.775442,0.10000000149011612,-0.1723143458366394,0.08083333466202021,-0.16870585644245145
1679897421.805631,0.10000000149011612,-0.1723143458366394,0.08083333466202021,-0.16870585644245145
1679897421.8559372,0.10000000149011612,-0.1723143458366394,0.081666667945683,-0.1658815067410469
1679897421.8861225,0.05000000074505806,-0.21161487698554995,0.081666667945683,-0.1658815067410469
1679897421.9062064,0.05000000074505806,-0.21161487698554995,0.081666667945683,-0.1658815067410469
