1685599183.7010217,0.05438996832080805,-0.0850801444481521,0.06406237870769314,-0.02140438793810664,0,0
1685599183.9236572,0.12252576399576925,-0.13016818329192317,0.3182999872507114,0.04686123514479995,0,0
1685599184.0841036,0.1405941720503407,-0.16490872976887821,0.11137322715066647,-0.023496028003302326,0,0
1685599184.2768555,0.11108650860150872,-0.13404382603044995,-0.15143657853926484,0.03956353670896593,0,0
1685599184.4548335,0.10711110015176488,-0.13014739062112166,-0.02329064485931514,0.0003354598137504174,0,0
1685599184.5936768,0.10034937505693163,-0.11559820078439868,-0.049559998796706035,-0.04608741933215929,0,0
1685599184.7971568,0.09526794951480448,-0.1505393159782644,-0.06510544721178996,0.039728251393038774,0,0
1685599184.951327,0.1917025734462732,-0.20561541719960338,0.554238039530038,-0.011342693010780898,0,0
1685599185.114568,0.24075865745537256,-0.16552152390909186,0.3061972448152853,0.005525758100558065,0,0
1685599185.2933056,0.2181282425298374,-0.16550523671631034,-0.12839453251766617,-0.015968176029677317,0,0
1685599185.5437143,0.19475336631757575,-0.18688831241118928,-0.0957677211335178,-0.020602477612029255,0,0
1685599185.6714242,0.06410228850358757,-0.1580357209989095,-0.9725725726297885,0.012363129877245225,0,0
1685599185.7903123,0.09976528526174648,-0.17203815107168344,0.300412847936166,-0.08879806939293301,0,0
1685599185.9423976,0.12735257412780818,-0.17572401969798138,0.18154449897263053,-0.0441179300672931,0,0
1685599186.1535788,0.21032521882706584,-0.1888791431085047,0.3937012897754631,-0.06801878823765585,0,0
1685599186.2235556,0.2529526340967991,-0.1729680973714059,0.5983168130493368,0.007828808735593096,0,0
1685599186.3832664,0.028193251684825796,-0.13008876905331473,-1.4085614942659357,0.12714185573360134,0,0
1685599186.5520134,0.0017120358549784305,-0.10376490879722365,-0.15322735518478486,0.037436264106298335,0,0
1685599186.7257884,-0.01735294153544728,-0.14248131893437713,-0.10540402973251409,-0.03605508675881084,0,0
1685599186.8843837,-0.03444733478922059,-0.19951787490891648,-0.10759764077877389,0.006441885207699269,0,0
1685599186.888396,-0.03444733478922059,-0.19951787490891648,-0.10759764077877389,0.006441885207699269,0.05,0.05
1685599186.988458,-0.03444733478922059,-0.19951787490891648,-0.10759764077877389,0.006441885207699269,0.05,0.05
1685599187.0601335,-0.08416312195033968,-0.2244690136038404,-0.2849358075214197,-0.010307915070713927,0.05,0.05
1685599187.0884717,-0.08416312195033968,-0.2244690136038404,-0.2849358075214197,-0.010307915070713927,0.05,0.05
1685599187.1883752,-0.08416312195033968,-0.2244690136038404,-0.2849358075214197,-0.010307915070713927,0.05,0.05
1685599187.2352765,0.08492695644060208,-0.14806722941814843,0.9648521734773906,0.09967721384643342,0.05,0.05
1685599187.2884934,0.08492695644060208,-0.14806722941814843,0.9648521734773906,0.09967721384643342,0.05,0.05
1685599187.386662,0.12425058057068566,-0.11787500326694797,0.2634853973073155,0.070611513289611,0.05,0.05
1685599187.3882885,0.12425058057068566,-0.11787500326694797,0.2634853973073155,0.070611513289611,0.05,0.05
1685599187.4883583,0.12425058057068566,-0.11787500326694797,0.2634853973073155,0.070611513289611,0.05,0.05
1685599187.5861132,0.07995394250335387,-0.08300273297846049,-0.22583790649588173,-0.024528481621689528,0.05,0.05
1685599187.5886922,0.07995394250335387,-0.08300273297846049,-0.22583790649588173,-0.024528481621689528,0.05,0.05
1685599187.6884835,0.07995394250335387,-0.08300273297846049,-0.22583790649588173,-0.024528481621689528,0.05,0.05
1685599187.735677,0.10385352346824399,-0.09579075496035894,0.1587469079446845,-0.036035869339365104,0.05,0.05
1685599187.7884712,0.10385352346824399,-0.09579075496035894,0.1587469079446845,-0.036035869339365104,0.05,0.05
1685599187.888534,0.10385352346824399,-0.09579075496035894,0.1587469079446845,-0.036035869339365104,0.05,0.05
1685599187.8947942,0.15783350100138346,-0.12848520358584664,0.340199207186905,-0.1621147786318663,0.05,0.05
1685599187.9885097,0.15783350100138346,-0.12848520358584664,0.340199207186905,-0.1621147786318663,0.05,0.05
1685599188.0713177,0.14556961630703288,-0.15143127682035654,-0.06255238698963539,-0.04679999682990075,0.05,0.05
1685599188.0884056,0.14556961630703288,-0.15143127682035654,-0.06255238698963539,-0.04679999682990075,0.05,0.05
1685599188.1884754,0.14556961630703288,-0.15143127682035654,-0.06255238698963539,-0.04679999682990075,0.05,0.05
1685599188.2418683,0.18819504921405011,-0.13439945514259244,0.24595504345102603,-0.058337389165581496,0.05,0.05
1685599188.2884417,0.18819504921405011,-0.13439945514259244,0.24595504345102603,-0.058337389165581496,0.05,0.05
1685599188.3884513,0.18819504921405011,-0.13439945514259244,0.24595504345102603,-0.058337389165581496,0.05,0.05
1685599188.4189277,0.2274785791491955,-0.13255688927519144,0.22269595843874068,0.006223906101287014,0.05,0.05
1685599188.488668,0.2274785791491955,-0.13255688927519144,0.22269595843874068,0.006223906101287014,0.05,0.05
1685599188.5885596,0.2274785791491955,-0.13255688927519144,0.22269595843874068,0.006223906101287014,0.05,0.05
1685599188.5971901,0.24773799985325556,-0.13541220215744906,0.11332467960034677,0.051568539958121766,0.05,0.05
1685599188.6884413,0.24773799985325556,-0.13541220215744906,0.11332467960034677,0.051568539958121766,0.05,0.05
1685599188.7884567,0.2513691365986312,-0.07965580197925544,0.016691957368761307,0.06041235219836986,0.05,0.05
1685599188.7882807,0.2513691365986312,-0.07965580197925544,0.016691957368761307,0.06041235219836986,0.05,0.05
1685599188.888387,0.2513691365986312,-0.07965580197925544,0.016691957368761307,0.06041235219836986,0.05,0.05
1685599188.9211757,0.12205307588469838,-0.127409947925457,-0.9741246187217408,0.2714416155422181,0.05,0.05
1685599188.988521,0.12205307588469838,-0.127409947925457,-0.9741246187217408,0.2714416155422181,0.05,0.05
1685599189.0888507,0.12205307588469838,-0.127409947925457,-0.9741246187217408,0.2714416155422181,0.05,0.05
1685599189.098946,0.15302776854902675,-0.14796015062265216,0.16951655602281204,0.05797285346794933,0.05,0.05
1685599189.1884475,0.15302776854902675,-0.14796015062265216,0.16951655602281204,0.05797285346794933,0.05,0.05
1685599189.271118,0.17178908677900354,-0.16516589069453194,0.10294120394842857,0.06922629066232953,0.05,0.05
1685599189.2884483,0.17178908677900354,-0.16516589069453194,0.10294120394842857,0.06922629066232953,0.05,0.05
1685599189.3884063,0.17178908677900354,-0.16516589069453194,0.10294120394842857,0.06922629066232953,0.05,0.05
1685599189.4467177,0.2210177462389054,-0.1760443401241874,0.27560219561726734,0.07479321034143148,0.05,0.05
1685599189.4885154,0.2210177462389054,-0.1760443401241874,0.27560219561726734,0.07479321034143148,0.05,0.05
1685599189.5886211,0.2210177462389054,-0.1760443401241874,0.27560219561726734,0.07479321034143148,0.05,0.05
1685599189.6106439,0.25312676311882576,-0.13892973271517187,0.21098137384282006,0.09291953246671682,0.05,0.05
1685599189.6885316,0.25312676311882576,-0.13892973271517187,0.21098137384282006,0.09291953246671682,0.05,0.05
1685599189.769678,0.19707633922783424,-0.16736423295181496,-0.3634840931639168,-0.3140427906461799,0.05,0.05
1685599189.7884815,0.19707633922783424,-0.16736423295181496,-0.3634840931639168,-0.3140427906461799,0.05,0.05
1685599189.8884559,0.19707633922783424,-0.16736423295181496,-0.3634840931639168,-0.3140427906461799,0.05,0.05
1685599189.9467611,0.23794482490644642,-0.18415728489378533,0.2255661331212965,-0.17282337063675499,0.05,0.05
1685599189.988613,0.23794482490644642,-0.18415728489378533,0.2255661331212965,-0.17282337063675499,0.05,0.05
1685599190.0883431,0.23794482490644642,-0.18415728489378533,0.2255661331212965,-0.17282337063675499,0.05,0.05
1685599190.117758,0.24396193723285833,-0.20145339850051971,0.030809435976535234,-0.06552246947071194,0.05,0.05
1685599190.188689,0.24396193723285833,-0.20145339850051971,0.030809435976535234,-0.06552246947071194,0.05,0.05
1685599190.2703788,0.2640520275602703,-0.20642533169873142,0.1302599875100985,-0.02461757840187499,0.05,0.05
1685599190.2887955,0.2640520275602703,-0.20642533169873142,0.1302599875100985,-0.02461757840187499,0.05,0.05
1685599190.3885512,0.2640520275602703,-0.20642533169873142,0.1302599875100985,-0.02461757840187499,0.05,0.05
1685599190.4747047,0.2855436205707448,-0.21964295841352335,0.10482810321308454,0.058786294623847046,0.05,0.05
1685599190.4884763,0.2855436205707448,-0.21964295841352335,0.10482810321308454,0.058786294623847046,0.05,0.05
1685599190.5884569,0.2855436205707448,-0.21964295841352335,0.10482810321308454,0.058786294623847046,0.05,0.05
1685599190.6280808,0.27140806577437704,-0.11464314410238054,-0.020558235184815022,0.6155586375809203,0.05,0.05
1685599190.6883204,0.27140806577437704,-0.11464314410238054,-0.020558235184815022,0.6155586375809203,0.05,0.05
1685599190.789895,0.27140806577437704,-0.11464314410238054,-0.020558235184815022,0.6155586375809203,0.05,0.05
1685599190.7950356,0.25878669763012424,-0.15126749936190856,-0.0971039141255147,0.05349250408715105,0.05,0.05
1685599190.888611,0.25878669763012424,-0.15126749936190856,-0.0971039141255147,0.05349250408715105,0.05,0.05
1685599190.9701142,0.25390033077812607,-0.1533980013015554,-0.02933130154487135,0.010401823597556675,0.05,0.05
1685599190.988378,0.25390033077812607,-0.1533980013015554,-0.02933130154487135,0.010401823597556675,0.05,0.05
1685599191.08846,0.25390033077812607,-0.1533980013015554,-0.02933130154487135,0.010401823597556675,0.05,0.05
1685599191.1801322,0.24851092048124845,-0.16302864443282794,-0.030502248766309338,-9.110982554000463e-05,0.05,0.05
1685599191.1883943,0.24851092048124845,-0.16302864443282794,-0.030502248766309338,-9.110982554000463e-05,0.05,0.05
1685599191.288378,0.24851092048124845,-0.16302864443282794,-0.030502248766309338,-9.110982554000463e-05,0.05,0.05
1685599191.2955976,0.30978037407900283,-0.21003937099521527,0.47837755549826994,0.11272154584303253,0.05,0.05
1685599191.3884299,0.30978037407900283,-0.21003937099521527,0.47837755549826994,0.11272154584303253,0.05,0.05
1685599191.4787498,0.3963847154350107,-0.1691347851453044,0.48897322453438335,0.20507963951367422,0.05,0.05
1685599191.488384,0.3963847154350107,-0.1691347851453044,0.48897322453438335,0.20507963951367422,0.05,0.05
1685599191.588635,0.3963847154350107,-0.1691347851453044,0.48897322453438335,0.20507963951367422,0.05,0.05
1685599191.6843677,0.41564345645454115,-0.213295161854931,0.028793358343429873,0.15066408950034915,0.05,0.05
1685599191.6885812,0.41564345645454115,-0.213295161854931,0.028793358343429873,0.15066408950034915,0.05,0.05
1685599191.7885284,0.41564345645454115,-0.213295161854931,0.028793358343429873,0.15066408950034915,0.05,0.05
1685599191.8187532,0.5016468094497327,-0.2498500446452992,0.5757991652891639,0.18493283083941156,0.05,0.05
1685599191.8885126,0.5016468094497327,-0.2498500446452992,0.5757991652891639,0.18493283083941156,0.05,0.05
1685599191.988299,0.5016468094497327,-0.2498500446452992,0.5757991652891639,0.18493283083941156,0.05,0.05
1685599191.9956744,0.5904815115427628,-0.27110038066374714,0.4670904684555748,0.13498005258412074,0.05,0.05
1685599192.0882466,0.5904815115427628,-0.27110038066374714,0.4670904684555748,0.13498005258412074,0.05,0.05
1685599192.1776505,0.6218976470046504,-0.23046146889913766,0.23115546814262697,0.16925872304526443,0.05,0.05
1685599192.1885507,0.6218976470046504,-0.23046146889913766,0.23115546814262697,0.16925872304526443,0.05,0.05
1685599192.2885463,0.6218976470046504,-0.23046146889913766,0.23115546814262697,0.16925872304526443,0.05,0.05
1685599192.3440619,0.35966614301801453,-0.11612814701455405,-1.3883514322306758,-0.3217024627096648,0.05,0.05
1685599192.3886795,0.35966614301801453,-0.11612814701455405,-1.3883514322306758,-0.3217024627096648,0.05,0.05
1685599192.488469,0.35966614301801453,-0.11612814701455405,-1.3883514322306758,-0.3217024627096648,0.05,0.05
1685599192.5050068,0.3632448652215081,-0.10020117228059645,0.04605214046380051,0.2294541170624483,0.05,0.05
1685599192.5885723,0.3632448652215081,-0.10020117228059645,0.04605214046380051,0.2294541170624483,0.05,0.05
1685599192.6891277,0.3632448652215081,-0.10020117228059645,0.04605214046380051,0.2294541170624483,0.05,0.05
1685599192.6953142,0.39589434962644854,-0.12539627030969927,0.11013458407997832,0.07046978994684296,0.05,0.05
1685599192.7885253,0.39589434962644854,-0.12539627030969927,0.11013458407997832,0.07046978994684296,0.05,0.05
1685599192.8690045,0.4099738539141616,-0.13011423504286915,0.027885751751175126,0.12567880266290968,0.05,0.05
1685599192.8884034,0.4099738539141616,-0.13011423504286915,0.027885751751175126,0.12567880266290968,0.05,0.05
1685599192.9883313,0.4099738539141616,-0.13011423504286915,0.027885751751175126,0.12567880266290968,0.05,0.05
1685599193.018226,0.4888408124676156,-0.1322302449680307,0.5098484639973032,0.13828208776623943,0.05,0.05
1685599193.088413,0.4888408124676156,-0.1322302449680307,0.5098484639973032,0.13828208776623943,0.05,0.05
1685599193.1889932,0.4888408124676156,-0.1322302449680307,0.5098484639973032,0.13828208776623943,0.05,0.05
1685599193.196216,0.47981146140438724,-0.18659738782463633,-0.12687282194041194,-0.09852528038188675,0.05,0.05
1685599193.28819,0.47981146140438724,-0.18659738782463633,-0.12687282194041194,-0.09852528038188675,0.05,0.05
1685599193.3832488,0.48649329452189194,-0.15468509967960856,0.08257923245502057,0.16188463100022854,0.05,0.05
1685599193.3886433,0.48649329452189194,-0.15468509967960856,0.08257923245502057,0.16188463100022854,0.05,0.05
1685599193.4886103,0.48649329452189194,-0.15468509967960856,0.08257923245502057,0.16188463100022854,0.05,0.05
1685599193.5397458,0.49057653292961206,-0.17834922195668526,-0.024116567500761504,0.08630853422117082,0.05,0.05
1685599193.5884671,0.49057653292961206,-0.17834922195668526,-0.024116567500761504,0.08630853422117082,0.05,0.05
1685599193.6884475,0.49057653292961206,-0.17834922195668526,-0.024116567500761504,0.08630853422117082,0.05,0.05
1685599193.708224,0.472532787901482,-0.1828697930900404,-0.10783601448590503,0.04906201529727314,0.05,0.05
1685599193.7894104,0.472532787901482,-0.1828697930900404,-0.10783601448590503,0.04906201529727314,0.05,0.05
1685599193.8890626,0.472532787901482,-0.1828697930900404,-0.10783601448590503,0.04906201529727314,0.05,0.05
1685599193.8909538,0.45488986413201726,-0.17886447166304015,-0.08340767285101695,0.04303413360297341,0.05,0.05
1685599193.9891834,0.45488986413201726,-0.17886447166304015,-0.08340767285101695,0.04303413360297341,0.05,0.05
1685599194.0601332,0.4104830392355034,-0.11397787256975013,-0.12676766157146432,-0.1582945825794658,0.05,0.05
1685599194.0890486,0.4104830392355034,-0.11397787256975013,-0.12676766157146432,-0.1582945825794658,0.05,0.05
1685599194.1886826,0.4104830392355034,-0.11397787256975013,-0.12676766157146432,-0.1582945825794658,0.05,0.05
1685599194.265974,0.480849080888165,-0.11653756819164694,0.32070497927170644,0.055892831006250365,0.05,0.05
1685599194.289046,0.480849080888165,-0.11653756819164694,0.32070497927170644,0.055892831006250365,0.05,0.05
1685599194.3897758,0.480849080888165,-0.11653756819164694,0.32070497927170644,0.055892831006250365,0.05,0.05
1685599194.4895704,0.480849080888165,-0.11653756819164694,0.32070497927170644,0.055892831006250365,0.05,0.05
1685599194.5189593,0.45176140123291836,-0.09861913658238473,-0.08532810439109251,0.052047877338663895,0.05,0.05
1685599194.5899198,0.45176140123291836,-0.09861913658238473,-0.08532810439109251,0.052047877338663895,0.05,0.05
1685599194.6817548,0.4434231880760663,-0.09134193483400746,-0.03297242367904503,0.14188303808487263,0.05,0.05
1685599194.6891532,0.4434231880760663,-0.09134193483400746,-0.03297242367904503,0.14188303808487263,0.05,0.05
1685599194.7890925,0.4434231880760663,-0.09134193483400746,-0.03297242367904503,0.14188303808487263,0.05,0.05
1685599194.857272,0.4840879033610974,-0.12074724738371351,0.15453605806159942,0.04599302480766483,0.05,0.05
1685599194.8893108,0.4840879033610974,-0.12074724738371351,0.15453605806159942,0.04599302480766483,0.05,0.05
1685599194.9893477,0.4840879033610974,-0.12074724738371351,0.15453605806159942,0.04599302480766483,0.05,0.05
1685599195.0075636,0.5069082140875864,-0.11250278554798783,0.164602729286125,-0.11918984824153475,0.05,0.05
1685599195.0893793,0.5069082140875864,-0.11250278554798783,0.164602729286125,-0.11918984824153475,0.05,0.05
1685599195.1891196,0.5069082140875864,-0.11250278554798783,0.164602729286125,-0.11918984824153475,0.05,0.05
1685599195.2074327,0.5171332206558235,-0.10623243518758131,0.059028211901492794,0.12635156115585572,0.05,0.05
1685599195.2890294,0.5171332206558235,-0.10623243518758131,0.059028211901492794,0.12635156115585572,0.05,0.05
1685599195.361341,0.47743841767140555,-0.15662977860841013,-0.36788334510008025,0.17721548867273576,0.05,0.05
1685599195.3891697,0.47743841767140555,-0.15662977860841013,-0.36788334510008025,0.17721548867273576,0.05,0.05
1685599195.4898338,0.47743841767140555,-0.15662977860841013,-0.36788334510008025,0.17721548867273576,0.05,0.05
1685599195.578654,0.511081325584771,-0.22499410072774162,0.007468029559270227,0.13820742222250848,0.05,0.05
1685599195.5889685,0.511081325584771,-0.22499410072774162,0.007468029559270227,0.13820742222250848,0.05,0.05
1685599195.6896324,0.511081325584771,-0.22499410072774162,0.007468029559270227,0.13820742222250848,0.05,0.05
1685599195.717296,0.4898616909628687,-0.1915265264682244,-0.033433861721791226,0.12562388497701155,0.05,0.05
1685599195.7890115,0.4898616909628687,-0.1915265264682244,-0.033433861721791226,0.12562388497701155,0.05,0.05
1685599195.8535275,0.5754840948617169,-0.058921228959167724,0.9709326282613616,-0.2115742515153678,0.05,0.05
1685599195.8892832,0.5754840948617169,-0.058921228959167724,0.9709326282613616,-0.2115742515153678,0.05,0.05
1685599195.98911,0.5754840948617169,-0.058921228959167724,0.9709326282613616,-0.2115742515153678,0.05,0.05
1685599196.075062,0.5285612974067513,-0.11648641620494903,-0.2987565313417903,-0.04252936069884418,0.05,0.05
1685599196.0890431,0.5285612974067513,-0.11648641620494903,-0.2987565313417903,-0.04252936069884418,0.05,0.05
1685599196.1890552,0.5285612974067513,-0.11648641620494903,-0.2987565313417903,-0.04252936069884418,0.05,0.05
1685599196.2261505,0.5547333274773399,-0.14047718634153006,0.09398609760932176,-0.0018734875051091772,0.05,0.05
1685599196.2888684,0.5547333274773399,-0.14047718634153006,0.09398609760932176,-0.0018734875051091772,0.05,0.05
1685599196.3897896,0.5547333274773399,-0.14047718634153006,0.09398609760932176,-0.0018734875051091772,0.05,0.05
1685599196.4165533,0.54028006894359,-0.14613175550673835,-0.08553236032005695,0.1354647729048602,0.05,0.05
1685599196.4890604,0.54028006894359,-0.14613175550673835,-0.08553236032005695,0.1354647729048602,0.05,0.05
1685599196.584314,0.49523054840859315,-0.1764712645886694,-0.32853871370000076,0.09980658981306638,0.05,0.05
1685599196.5892324,0.49523054840859315,-0.1764712645886694,-0.32853871370000076,0.09980658981306638,0.05,0.05
1685599196.6892262,0.49523054840859315,-0.1764712645886694,-0.32853871370000076,0.09980658981306638,0.05,0.05
1685599196.7753718,0.624483458971929,-0.1363720238779011,0.70041504163599,0.03337502291733728,0.05,0.05
1685599196.7889466,0.624483458971929,-0.1363720238779011,0.70041504163599,0.03337502291733728,0.05,0.05
1685599196.889303,0.624483458971929,-0.1363720238779011,0.70041504163599,0.03337502291733728,0.05,0.05
1685599196.9122024,0.6538567378870929,-0.11368968664427653,0.2638867069998647,0.049636627020825816,0.05,0.05
1685599196.9891696,0.6538567378870929,-0.11368968664427653,0.2638867069998647,0.049636627020825816,0.05,0.05
1685599197.0893483,0.6538567378870929,-0.11368968664427653,0.2638867069998647,0.049636627020825816,0.05,0.05
1685599197.0904005,0.646973226524723,-0.09140902170995295,0.02183163027993497,0.0692888787685457,0.05,0.05
1685599197.1890593,0.646973226524723,-0.09140902170995295,0.02183163027993497,0.0692888787685457,0.05,0.05
1685599197.2559073,0.6271213585838592,-0.10460852591250432,-0.14492549088793558,0.08768473463482766,0.05,0.05
1685599197.2893138,0.6271213585838592,-0.10460852591250432,-0.14492549088793558,0.08768473463482766,0.05,0.05
1685599197.3891196,0.6271213585838592,-0.10460852591250432,-0.14492549088793558,0.08768473463482766,0.05,0.05
1685599197.4398525,0.5966586456540457,-0.09189125338660492,-0.11194542368709222,0.10651925743672333,0.05,0.05
1685599197.4892411,0.5966586456540457,-0.09189125338660492,-0.11194542368709222,0.10651925743672333,0.05,0.05
1685599197.5893412,0.5966586456540457,-0.09189125338660492,-0.11194542368709222,0.10651925743672333,0.05,0.05
1685599197.5993905,0.5876653994254697,-0.11123063900405795,-0.1107879828374626,-0.06051362279575514,0.05,0.05
1685599197.6889179,0.5876653994254697,-0.11123063900405795,-0.1107879828374626,-0.06051362279575514,0.05,0.05
1685599197.7565496,0.567416983651611,-0.1212329644358781,-0.14386301242550506,0.03906463291812663,0.05,0.05
1685599197.789058,0.567416983651611,-0.1212329644358781,-0.14386301242550506,0.03906463291812663,0.05,0.05
1685599197.8893983,0.567416983651611,-0.1212329644358781,-0.14386301242550506,0.03906463291812663,0.05,0.05
1685599197.9106448,0.6442956159014845,-0.06514713716344664,0.61125496520582,0.07475073390298886,0.05,0.05
1685599197.9892206,0.6442956159014845,-0.06514713716344664,0.61125496520582,0.07475073390298886,0.05,0.05
1685599198.0892942,0.6442956159014845,-0.06514713716344664,0.61125496520582,0.07475073390298886,0.05,0.05
1685599198.1333458,0.6122226409130838,-0.08632943052238708,-0.17262344533631407,0.03206324214984082,0.05,0.05
1685599198.1913128,0.6122226409130838,-0.08632943052238708,-0.17262344533631407,0.03206324214984082,0.05,0.05
1685599198.2688031,0.5667504675933485,-0.08985879962587265,-0.3045185700825706,0.039937046695611225,0.05,0.05
1685599198.2889977,0.5667504675933485,-0.08985879962587265,-0.3045185700825706,0.039937046695611225,0.05,0.05
1685599198.390078,0.5667504675933485,-0.08985879962587265,-0.3045185700825706,0.039937046695611225,0.05,0.05
1685599198.4184027,0.6427633611781012,-0.12021983014736833,0.322022490130754,0.06272777293646287,0.05,0.05
1685599198.4898982,0.6427633611781012,-0.12021983014736833,0.322022490130754,0.06272777293646287,0.05,0.05
1685599198.5701354,0.5684567597593608,-0.10087604247367873,-0.3495792196389404,0.09504014738868978,0.05,0.05
1685599198.589246,0.5684567597593608,-0.10087604247367873,-0.3495792196389404,0.09504014738868978,0.05,0.05
1685599198.689322,0.5684567597593608,-0.10087604247367873,-0.3495792196389404,0.09504014738868978,0.05,0.05
1685599198.7695801,0.5342896730986855,-0.11267355193194656,-0.17772196928988301,0.08058053515244522,0.05,0.05
1685599198.789217,0.5342896730986855,-0.11267355193194656,-0.17772196928988301,0.08058053515244522,0.05,0.05
1685599198.8893762,0.5342896730986855,-0.11267355193194656,-0.17772196928988301,0.08058053515244522,0.05,0.05
1685599198.9503434,0.5857596738380046,-0.1318193548302711,0.17809574748213194,0.04844407009934466,0.05,0.05
1685599198.9889088,0.5857596738380046,-0.1318193548302711,0.17809574748213194,0.04844407009934466,0.05,0.05
1685599199.089621,0.5857596738380046,-0.1318193548302711,0.17809574748213194,0.04844407009934466,0.05,0.05
1685599199.1495018,0.614166703375058,-0.1376372081820084,0.10097393151327276,0.10475624443148897,0.05,0.05
1685599199.1894095,0.614166703375058,-0.1376372081820084,0.10097393151327276,0.10475624443148897,0.05,0.05
1685599199.2550545,0.6806047654555522,-0.032341362548543064,1.0788617640729097,-0.12414037008616169,0.05,0.05
1685599199.2891417,0.6806047654555522,-0.032341362548543064,1.0788617640729097,-0.12414037008616169,0.05,0.05
1685599199.3899105,0.6806047654555522,-0.032341362548543064,1.0788617640729097,-0.12414037008616169,0.05,0.05
1685599199.4300919,0.7162917789992075,-0.06519761351358487,0.060023940633220314,0.10376193797538104,0.05,0.05
1685599199.4892304,0.7162917789992075,-0.06519761351358487,0.060023940633220314,0.10376193797538104,0.05,0.05
1685599199.589345,0.7162917789992075,-0.06519761351358487,0.060023940633220314,0.10376193797538104,0.05,0.05
1685599199.6033342,0.7930827193849087,-0.07708654725328971,0.31613618647771025,0.1355044590179642,0.05,0.05
1685599199.6893215,0.7930827193849087,-0.07708654725328971,0.31613618647771025,0.1355044590179642,0.05,0.05
1685599199.7388735,0.8808564367319043,-0.09892049329276668,0.42697368764739896,0.03677192616742298,0.05,0.05
1685599199.7893622,0.8808564367319043,-0.09892049329276668,0.42697368764739896,0.03677192616742298,0.05,0.05
1685599199.8893912,0.8808564367319043,-0.09892049329276668,0.42697368764739896,0.03677192616742298,0.05,0.05
1685599199.956625,0.8370033150479731,-0.11632393340065324,-0.20902866825957092,0.005989376088735098,0.05,0.05
1685599199.98897,0.8370033150479731,-0.11632393340065324,-0.20902866825957092,0.005989376088735098,0.05,0.05
1685599200.0893862,0.8370033150479731,-0.11632393340065324,-0.20902866825957092,0.005989376088735098,0.05,0.05
1685599200.1225176,0.7921568380098225,0.026873170831736116,0.2748960458016233,-0.13475442426507703,0.05,0.05
1685599200.1892018,0.7921568380098225,0.026873170831736116,0.2748960458016233,-0.13475442426507703,0.05,0.05
1685599200.289337,0.7921568380098225,0.026873170831736116,0.2748960458016233,-0.13475442426507703,0.05,0.05
1685599200.2968059,0.7879808398690296,0.04039128256479142,0.025735565704288924,0.0347807250821113,0.05,0.05
1685599200.3888855,0.7879808398690296,0.04039128256479142,0.025735565704288924,0.0347807250821113,0.05,0.05
1685599200.487015,0.7314537191731648,0.09508486645798625,-0.0695378929870816,0.06524977841093621,0.05,0.05
1685599200.489255,0.7314537191731648,0.09508486645798625,-0.0695378929870816,0.06524977841093621,0.05,0.05
1685599200.589505,0.7314537191731648,0.09508486645798625,-0.0695378929870816,0.06524977841093621,0.05,0.05
1685599200.645725,0.7114036240098198,0.10259908671441717,-0.07132795892459468,0.12175938887482057,0.05,0.05
1685599200.6889827,0.7114036240098198,0.10259908671441717,-0.07132795892459468,0.12175938887482057,0.05,0.05
1685599200.7896795,0.7114036240098198,0.10259908671441717,-0.07132795892459468,0.12175938887482057,0.05,0.05
1685599200.807131,0.7067509122537462,0.07585860894794016,-0.1252075559816749,0.08897429828177185,0.05,0.05
1685599200.8888917,0.7067509122537462,0.07585860894794016,-0.1252075559816749,0.08897429828177185,0.05,0.05
1685599200.986638,0.7909231181890006,-0.018143006392670757,0.025906090322484632,0.043074620689441796,0.05,0.05
1685599200.9890723,0.7909231181890006,-0.018143006392670757,0.025906090322484632,0.043074620689441796,0.05,0.05
1685599201.0891464,0.7909231181890006,-0.018143006392670757,0.025906090322484632,0.043074620689441796,0.05,0.05
1685599201.1435497,0.855171363410413,-0.024679724413180764,0.2861964102657504,0.15452732199192631,0.05,0.05
1685599201.1892385,0.855171363410413,-0.024679724413180764,0.2861964102657504,0.15452732199192631,0.05,0.05
1685599201.288671,0.855171363410413,-0.024679724413180764,0.2861964102657504,0.15452732199192631,0.05,0.05
1685599201.2927172,0.9044772062187961,0.016496339300624097,0.4246000557590026,0.11644775859712823,0.05,0.05
1685599201.3888447,0.9044772062187961,0.016496339300624097,0.4246000557590026,0.11644775859712823,0.05,0.05
1685599201.3970048,0.9026438657300525,0.018431898264045062,-0.008897543826935361,0.05481328021672372,0.05,0.05
1685599201.4886432,0.9026438657300525,0.018431898264045062,-0.008897543826935361,0.05481328021672372,0.05,0.05
1685599201.5884802,0.9026438657300525,0.018431898264045062,-0.008897543826935361,0.05481328021672372,0.05,0.05
1685599201.590872,0.8647870157490479,0.008528940374039872,-0.18246597121076435,0.04128133468530583,0.05,0.05
1685599201.6885357,0.8647870157490479,0.008528940374039872,-0.18246597121076435,0.04128133468530583,0.05,0.05
1685599201.7420805,0.7781591791711583,-0.012677529447663885,-0.5214070938040312,-0.0347783959616548,0.05,0.05
1685599201.7884595,0.7781591791711583,-0.012677529447663885,-0.5214070938040312,-0.0347783959616548,0.05,0.05
1685599201.8884284,0.7781591791711583,-0.012677529447663885,-0.5214070938040312,-0.0347783959616548,0.05,0.05
1685599201.9281657,0.7903310131141925,-0.06726573960243042,-0.14559842135054693,0.006654036460203311,0.05,0.05
1685599201.988387,0.7903310131141925,-0.06726573960243042,-0.14559842135054693,0.006654036460203311,0.05,0.05
1685599202.0763874,0.7917204679049084,-0.09076115480895251,-0.09867512397305052,0.028632405851917373,0.05,0.05
1685599202.0883398,0.7917204679049084,-0.09076115480895251,-0.09867512397305052,0.028632405851917373,0.05,0.05
1685599202.188378,0.7917204679049084,-0.09076115480895251,-0.09867512397305052,0.028632405851917373,0.05,0.05
1685599202.2484653,0.8770020841435872,-0.0828432826400675,0.39742174965461996,0.013142748655255672,0.05,0.05
1685599202.2883341,0.8770020841435872,-0.0828432826400675,0.39742174965461996,0.013142748655255672,0.05,0.05
1685599202.3880916,0.8770020841435872,-0.0828432826400675,0.39742174965461996,0.013142748655255672,0.05,0.05
1685599202.4423451,0.9422074287180275,-0.11913450649190248,0.12043130311889937,0.06864609019165129,0.05,0.05
1685599202.4886723,0.9422074287180275,-0.11913450649190248,0.12043130311889937,0.06864609019165129,0.05,0.05
1685599202.5885582,0.9422074287180275,-0.11913450649190248,0.12043130311889937,0.06864609019165129,0.05,0.05
1685599202.5988579,0.9154042690703678,0.02597427357258824,0.5232711613482675,0.15535220970260716,0.05,0.05
1685599202.6884148,0.9154042690703678,0.02597427357258824,0.5232711613482675,0.15535220970260716,0.05,0.05
1685599202.7891703,0.9154042690703678,0.02597427357258824,0.5232711613482675,0.15535220970260716,0.05,0.05
1685599202.8161068,0.9291246493325771,0.0034518524411584327,-0.027383095241838466,0.01919905876172511,0.05,0.05
1685599202.8885639,0.9291246493325771,0.0034518524411584327,-0.027383095241838466,0.01919905876172511,0.05,0.05
1685599202.956724,0.9567444744246624,0.0021542562061667454,0.12551041990236586,0.09150064768766425,0.05,0.05
1685599202.988389,0.9567444744246624,0.0021542562061667454,0.12551041990236586,0.09150064768766425,0.05,0.05
1685599203.0884004,0.9567444744246624,0.0021542562061667454,0.12551041990236586,0.09150064768766425,0.05,0.05
1685599203.1309686,0.9289612505698355,0.004825095244807407,-0.1107923183563469,0.054069149883965405,0.05,0.05
1685599203.1885095,0.9289612505698355,0.004825095244807407,-0.1107923183563469,0.054069149883965405,0.05,0.05
1685599203.2887049,0.9289612505698355,0.004825095244807407,-0.1107923183563469,0.054069149883965405,0.05,0.05
1685599203.3323543,0.9107382878298639,0.031187374638609412,0.03221752410074888,0.013922113222040644,0.05,0.05
1685599203.3885396,0.9107382878298639,0.031187374638609412,0.03221752410074888,0.013922113222040644,0.05,0.05
1685599203.4601939,0.8894174814397825,0.010867488481647605,-0.2425316931456042,0.04355431517930874,0.05,0.05
1685599203.4884334,0.8894174814397825,0.010867488481647605,-0.2425316931456042,0.04355431517930874,0.05,0.05
1685599203.5889058,0.8894174814397825,0.010867488481647605,-0.2425316931456042,0.04355431517930874,0.05,0.05
1685599203.659848,0.9305649783476794,-0.05109987940233818,-0.08725107776018151,0.09749240077686142,0.05,0.05
1685599203.6885402,0.9305649783476794,-0.05109987940233818,-0.08725107776018151,0.09749240077686142,0.05,0.05
1685599203.7884529,0.9305649783476794,-0.05109987940233818,-0.08725107776018151,0.09749240077686142,0.05,0.05
1685599203.8263335,0.9095590587141439,-0.08270389567120426,-0.22686049875512554,0.04480468575862702,0.05,0.05
1685599203.8883383,0.9095590587141439,-0.08270389567120426,-0.22686049875512554,0.04480468575862702,0.05,0.05
1685599203.974183,0.8584376788722933,-0.008254631385689984,0.14866913656987188,0.13821709724682246,0.05,0.05
1685599203.9884613,0.8584376788722933,-0.008254631385689984,0.14866913656987188,0.13821709724682246,0.05,0.05
1685599204.0884078,0.8584376788722933,-0.008254631385689984,0.14866913656987188,0.13821709724682246,0.05,0.05
1685599204.1394627,0.838547862584595,-0.07966119295438197,-0.4089608980839677,0.11496716943744302,0.05,0.05
1685599204.1884847,0.838547862584595,-0.07966119295438197,-0.4089608980839677,0.11496716943744302,0.05,0.05
1685599204.2887063,0.838547862584595,-0.07966119295438197,-0.4089608980839677,0.11496716943744302,0.05,0.05
1685599204.3892272,0.838547862584595,-0.07966119295438197,-0.4089608980839677,0.11496716943744302,0.05,0.05
1685599204.3965433,0.9428963328403158,0.021153066974822735,0.5632580621714601,-0.02732045606590556,0.05,0.05
1685599204.489033,0.9428963328403158,0.021153066974822735,0.5632580621714601,-0.02732045606590556,0.05,0.05
1685599204.5346153,0.96975252943097,-0.00886525357474601,-0.0430550914367696,0.09894661334809433,0.05,0.05
1685599204.5889795,0.96975252943097,-0.00886525357474601,-0.0430550914367696,0.09894661334809433,0.05,0.05
1685599204.689233,0.96975252943097,-0.00886525357474601,-0.0430550914367696,0.09894661334809433,0.05,0.05
1685599204.7298875,1.0615149180390187,-0.024147693320653453,0.23355683275487601,0.06775471399346139,0.05,0.05
1685599204.789398,1.0615149180390187,-0.024147693320653453,0.23355683275487601,0.06775471399346139,0.05,0.05
1685599204.8897352,1.0615149180390187,-0.024147693320653453,0.23355683275487601,0.06775471399346139,0.05,0.05
1685599204.9285297,1.0565868122822384,-0.024353106739705855,-0.015705215337659676,0.0650337960768286,0.05,0.05
1685599204.9892447,1.0565868122822384,-0.024353106739705855,-0.015705215337659676,0.0650337960768286,0.05,0.05
1685599205.0407624,1.0598612743967393,-0.010812299247514045,0.1142510663877437,0.15895849594611955,0.05,0.05
1685599205.0892162,1.0598612743967393,-0.010812299247514045,0.1142510663877437,0.15895849594611955,0.05,0.05
1685599205.1889834,1.0598612743967393,-0.010812299247514045,0.1142510663877437,0.15895849594611955,0.05,0.05
1685599205.257278,0.9496513806827046,0.13229261999332032,0.201875537141957,-0.10654352941740261,0.05,0.05
1685599205.2891326,0.9496513806827046,0.13229261999332032,0.201875537141957,-0.10654352941740261,0.05,0.05
1685599205.3892708,0.9496513806827046,0.13229261999332032,0.201875537141957,-0.10654352941740261,0.05,0.05
1685599205.3987625,0.9371000063329603,0.12859771491446767,-0.07521884279632877,0.07986593119823547,0.05,0.05
1685599205.4899945,0.9371000063329603,0.12859771491446767,-0.07521884279632877,0.07986593119823547,0.05,0.05
1685599205.589581,0.9371000063329603,0.12859771491446767,-0.07521884279632877,0.07986593119823547,0.05,0.05
1685599205.608913,0.9553743034488569,0.1221434613133594,0.02830381658000569,0.04550538248029434,0.05,0.05
1685599205.6890244,0.9553743034488569,0.1221434613133594,0.02830381658000569,0.04550538248029434,0.05,0.05
1685599205.7806346,0.9916457008753926,0.08244751698033319,-0.06230745290137697,0.13484819293741687,0.05,0.05
1685599205.7888868,0.9916457008753926,0.08244751698033319,-0.06230745290137697,0.13484819293741687,0.05,0.05
1685599205.8891983,0.9916457008753926,0.08244751698033319,-0.06230745290137697,0.13484819293741687,0.05,0.05
1685599205.9446418,1.0508321835880166,0.014327666673366487,-0.13405732774241694,0.13104815866800887,0.05,0.05
1685599205.9891016,1.0508321835880166,0.014327666673366487,-0.13405732774241694,0.13104815866800887,0.05,0.05
1685599206.0873346,1.043942517932363,0.13907505642893023,0.6896877657095025,0.04371971714730771,0.05,0.05
1685599206.0890152,1.043942517932363,0.13907505642893023,0.6896877657095025,0.04371971714730771,0.05,0.05
1685599206.1891375,1.043942517932363,0.13907505642893023,0.6896877657095025,0.04371971714730771,0.05,0.05
1685599206.2832527,0.9931866630621179,0.17815787444963627,0.026819862089930816,0.13834499204155373,0.05,0.05
1685599206.289014,0.9931866630621179,0.17815787444963627,0.026819862089930816,0.13834499204155373,0.05,0.05
1685599206.3889937,0.9931866630621179,0.17815787444963627,0.026819862089930816,0.13834499204155373,0.05,0.05
1685599206.4694269,1.0281332365828477,0.13530553065739306,-0.09516273108812501,0.11034786763767113,0.05,0.05
1685599206.4897332,1.0281332365828477,0.13530553065739306,-0.09516273108812501,0.11034786763767113,0.05,0.05
1685599206.5895143,1.0281332365828477,0.13530553065739306,-0.09516273108812501,0.11034786763767113,0.05,0.05
1685599206.6019537,1.0813361853548404,0.1006147819483022,-0.011685360024073471,0.038981232918693993,0.05,0.05
1685599206.6889098,1.0813361853548404,0.1006147819483022,-0.011685360024073471,0.038981232918693993,0.05,0.05
1685599206.791394,1.0813361853548404,0.1006147819483022,-0.011685360024073471,0.038981232918693993,0.05,0.05
1685599206.7936196,1.0774549954973263,0.11438354944793962,0.05211274320403495,0.10727583895279312,0.05,0.05
1685599206.8893394,1.0774549954973263,0.11438354944793962,0.05211274320403495,0.10727583895279312,0.05,0.05
1685599206.9512362,1.072727074660098,0.14143250114788558,0.1284507834489567,-0.2796464107041302,0.05,0.05
1685599206.9890652,1.072727074660098,0.14143250114788558,0.1284507834489567,-0.2796464107041302,0.05,0.05
1685599207.0889707,1.072727074660098,0.14143250114788558,0.1284507834489567,-0.2796464107041302,0.05,0.05
1685599207.130407,1.1882977856027834,0.17229369572302533,0.4919593709029232,0.022368453029195164,0.05,0.05
1685599207.1891713,1.1882977856027834,0.17229369572302533,0.4919593709029232,0.022368453029195164,0.05,0.05
1685599207.2792091,1.1969970502405847,0.233893713649476,0.3841470506298154,0.0990044185502011,0.05,0.05
1685599207.2892613,1.1969970502405847,0.233893713649476,0.3841470506298154,0.0990044185502011,0.05,0.05
1685599207.3895164,1.1969970502405847,0.233893713649476,0.3841470506298154,0.0990044185502011,0.05,0.05
1685599207.4788961,1.1457040359371244,0.32238003592010395,0.25238364760372556,0.13454258807177671,0.05,0.05
1685599207.4892302,1.1457040359371244,0.32238003592010395,0.25238364760372556,0.13454258807177671,0.05,0.05
1685599207.5893319,1.1457040359371244,0.32238003592010395,0.25238364760372556,0.13454258807177671,0.05,0.05
1685599207.6459892,1.0975199089688656,0.34370282705394567,-0.02539979244538475,0.19179402070773988,0.05,0.05
1685599207.6890707,1.0975199089688656,0.34370282705394567,-0.02539979244538475,0.19179402070773988,0.05,0.05
1685599207.7898808,1.0975199089688656,0.34370282705394567,-0.02539979244538475,0.19179402070773988,0.05,0.05
1685599207.8305151,0.9935760033354276,0.20876174468256212,-0.9126273303655994,-0.12832759497962937,0.05,0.05
1685599207.8902571,0.9935760033354276,0.20876174468256212,-0.9126273303655994,-0.12832759497962937,0.05,0.05
1685599207.9862626,0.965923792720816,0.20169952503515565,-0.12377691984329753,0.2007347800651367,0.05,0.05
1685599207.9889514,0.965923792720816,0.20169952503515565,-0.12377691984329753,0.2007347800651367,0.05,0.05
1685599208.089119,0.965923792720816,0.20169952503515565,-0.12377691984329753,0.2007347800651367,0.05,0.05
1685599208.1676567,0.9742895303181651,0.23446695878458082,0.18141823069631868,0.07202978256677328,0.05,0.05
1685599208.1890602,0.9742895303181651,0.23446695878458082,0.18141823069631868,0.07202978256677328,0.05,0.05
1685599208.289108,0.9742895303181651,0.23446695878458082,0.18141823069631868,0.07202978256677328,0.05,0.05
1685599208.3417103,0.9863189951024469,0.2740458872686396,0.23512902559833512,0.059398336985875856,0.05,0.05
1685599208.3891957,0.9863189951024469,0.2740458872686396,0.23512902559833512,0.059398336985875856,0.05,0.05
1685599208.4892666,0.9863189951024469,0.2740458872686396,0.23512902559833512,0.059398336985875856,0.05,0.05
1685599208.5227902,0.9696440449026936,0.3005146036029541,0.0889230610607798,-0.015248705191423477,0.05,0.05
1685599208.5899832,0.9696440449026936,0.3005146036029541,0.0889230610607798,-0.015248705191423477,0.05,0.05
1685599208.6899302,0.9696440449026936,0.3005146036029541,0.0889230610607798,-0.015248705191423477,0.05,0.05
1685599208.6905951,1.0040119411348665,0.2905850500329861,0.050560660000026944,-0.3230038029885426,0.05,0.05
1685599208.7892404,1.0040119411348665,0.2905850500329861,0.050560660000026944,-0.3230038029885426,0.05,0.05
1685599208.8351893,0.9297211482652984,0.2544648232746796,-0.47913776786188766,-0.09618054820226346,0.05,0.05
1685599208.8892732,0.9297211482652984,0.2544648232746796,-0.47913776786188766,-0.09618054820226346,0.05,0.05
1685599208.9894726,0.9297211482652984,0.2544648232746796,-0.47913776786188766,-0.09618054820226346,0.05,0.05
1685599209.0074532,0.8568440310133694,0.2878472463322135,-0.046470071321320854,0.04250871699455388,0.05,0.05
1685599209.0889094,0.8568440310133694,0.2878472463322135,-0.046470071321320854,0.04250871699455388,0.05,0.05
1685599209.189468,0.8568440310133694,0.2878472463322135,-0.046470071321320854,0.04250871699455388,0.05,0.05
1685599209.217035,0.731346016224409,0.20725564481591616,-0.6174194718419448,0.2357667326378177,0.05,0.05
1685599209.289108,0.731346016224409,0.20725564481591616,-0.6174194718419448,0.2357667326378177,0.05,0.05
1685599209.389711,0.731346016224409,0.20725564481591616,-0.6174194718419448,0.2357667326378177,0.05,0.05
1685599209.4241216,0.7597304552976888,0.08666411569468095,-0.4700187694513136,0.19434014166158428,0.05,0.05
1685599209.4894834,0.7597304552976888,0.08666411569468095,-0.4700187694513136,0.19434014166158428,0.05,0.05
1685599209.5497637,1.1480913235370263,0.18539398572304716,2.035393075996647,-0.026885637167030265,0.05,0.05
1685599209.5892603,1.1480913235370263,0.18539398572304716,2.035393075996647,-0.026885637167030265,0.05,0.05
1685599209.689778,1.1480913235370263,0.18539398572304716,2.035393075996647,-0.026885637167030265,0.05,0.05
1685599209.7100496,1.0831851725581259,0.1840792529810955,-0.17731103950136923,0.12700149218804274,0.05,0.05
1685599209.7891376,1.0831851725581259,0.1840792529810955,-0.17731103950136923,0.12700149218804274,0.05,0.05
1685599209.889407,1.0831851725581259,0.1840792529810955,-0.17731103950136923,0.12700149218804274,0.05,0.05
1685599209.8939629,0.9392068718903301,0.19596243460945914,-0.2324444933953645,0.24118191171522987,0.05,0.05
1685599209.9893305,0.9392068718903301,0.19596243460945914,-0.2324444933953645,0.24118191171522987,0.05,0.05
1685599210.0582294,0.7875838914105114,0.23224270155700538,-0.0993189225480657,0.26757232109216134,0.05,0.05
1685599210.0912786,0.7875838914105114,0.23224270155700538,-0.0993189225480657,0.26757232109216134,0.05,0.05
1685599210.1891794,0.7875838914105114,0.23224270155700538,-0.0993189225480657,0.26757232109216134,0.05,0.05
1685599210.2404745,0.6495903707042994,0.15556505561886103,-0.6267184945222,0.20643513271610922,0.05,0.05
1685599210.2891803,0.6495903707042994,0.15556505561886103,-0.6267184945222,0.20643513271610922,0.05,0.05
1685599210.3897078,0.6495903707042994,0.15556505561886103,-0.6267184945222,0.20643513271610922,0.05,0.05
1685599210.4039958,1.0592025066146684,0.3295145286462883,1.9869331547888758,-0.7010478875823312,0.05,0.05
1685599210.4890723,1.0592025066146684,0.3295145286462883,1.9869331547888758,-0.7010478875823312,0.05,0.05
1685599210.5757303,1.0489198486754385,0.32155076570081936,-0.06758020333530272,0.05778189480308107,0.05,0.05
1685599210.5889611,1.0489198486754385,0.32155076570081936,-0.06758020333530272,0.05778189480308107,0.05,0.05
1685599210.6890187,1.0489198486754385,0.32155076570081936,-0.06758020333530272,0.05778189480308107,0.05,0.05
1685599210.7644897,1.0580674176364453,0.3614149360361357,0.21372605003801512,0.13917391888284883,0.05,0.05
1685599210.789077,1.0580674176364453,0.3614149360361357,0.21372605003801512,0.13917391888284883,0.05,0.05
1685599210.8895986,1.0580674176364453,0.3614149360361357,0.21372605003801512,0.13917391888284883,0.05,0.05
1685599210.9092803,1.0418441349846808,0.40975849679912296,0.26270445012930693,0.1107066027948,0.05,0.05
1685599210.9893334,1.0418441349846808,0.40975849679912296,0.26270445012930693,0.1107066027948,0.05,0.05
1685599211.061418,0.9475340848849143,0.392071301219972,-0.33506302531221277,0.05954290753122032,0.05,0.05
1685599211.089004,0.9475340848849143,0.392071301219972,-0.33506302531221277,0.05954290753122032,0.05,0.05
1685599211.1890864,0.9475340848849143,0.392071301219972,-0.33506302531221277,0.05954290753122032,0.05,0.05
1685599211.2590814,1.1165455620713602,0.3661692229381453,0.21860662296500746,-0.2379422128265666,0.05,0.05
1685599211.291407,1.1165455620713602,0.3661692229381453,0.21860662296500746,-0.2379422128265666,0.05,0.05
1685599211.3560383,1.120066183819576,0.3694024424205239,0.046510589806727905,0.0603851497092705,0.05,0.05
1685599211.3885403,1.120066183819576,0.3694024424205239,0.046510589806727905,0.0603851497092705,0.05,0.05
1685599211.4842098,1.1271440271503,0.3770567721047727,0.07782443418024755,0.050202946196124185,0.05,0.05
1685599211.488397,1.1271440271503,0.3770567721047727,0.07782443418024755,0.050202946196124185,0.05,0.05
1685599211.5884073,1.1271440271503,0.3770567721047727,0.07782443418024755,0.050202946196124185,0.05,0.05
1685599211.6885574,1.1271440271503,0.3770567721047727,0.07782443418024755,0.050202946196124185,0.05,0.05
1685599211.7006228,1.183737652191926,0.340684601670157,-0.05821705239340626,0.02960953363028623,0.05,0.05
1685599211.7885501,1.183737652191926,0.340684601670157,-0.05821705239340626,0.02960953363028623,0.05,0.05
1685599211.8792677,1.222320191226385,0.3977435106784474,0.3750668832507596,0.05345370007367688,0.05,0.05
1685599211.8885484,1.222320191226385,0.3977435106784474,0.3750668832507596,0.05345370007367688,0.05,0.05
1685599211.9885955,1.222320191226385,0.3977435106784474,0.3750668832507596,0.05345370007367688,0.05,0.05
1685599212.0333285,1.1631935434084097,0.4047787253502275,-0.0881656111431251,0.22020826164212956,0.05,0.05
1685599212.0886643,1.1631935434084097,0.4047787253502275,-0.0881656111431251,0.22020826164212956,0.05,0.05
1685599212.1885085,1.1631935434084097,0.4047787253502275,-0.0881656111431251,0.22020826164212956,0.05,0.05
1685599212.196341,1.053335470099968,0.39902118163334027,-0.260563004430479,-0.011483000674303839,0.05,0.05
1685599212.2883873,1.053335470099968,0.39902118163334027,-0.260563004430479,-0.011483000674303839,0.05,0.05
1685599212.365899,0.9955390735016572,0.4685062372316264,0.274853216611324,0.038363475429785174,0.05,0.05
1685599212.3886225,0.9955390735016572,0.4685062372316264,0.274853216611324,0.038363475429785174,0.05,0.05
1685599212.4884977,0.9955390735016572,0.4685062372316264,0.274853216611324,0.038363475429785174,0.05,0.05
1685599212.5322073,0.9677889091962709,0.4570263598620076,-0.12114767411378774,0.05111182475750097,0.05,0.05
1685599212.5885515,0.9677889091962709,0.4570263598620076,-0.12114767411378774,0.05111182475750097,0.05,0.05
1685599212.6887236,0.9677889091962709,0.4570263598620076,-0.12114767411378774,0.05111182475750097,0.05,0.05
1685599212.7424316,0.9199624502259687,0.4737328601904063,0.00766862985114219,0.14474079251829952,0.05,0.05
1685599212.7882352,0.9199624502259687,0.4737328601904063,0.00766862985114219,0.14474079251829952,0.05,0.05
1685599212.888745,0.9199624502259687,0.4737328601904063,0.00766862985114219,0.14474079251829952,0.05,0.05
1685599212.933037,1.225879887780456,0.4245034284599088,0.18292157545821922,0.12735049368793983,0.05,0.05
1685599212.9884565,1.225879887780456,0.4245034284599088,0.18292157545821922,0.12735049368793983,0.05,0.05
1685599213.061186,1.245461426014921,0.41835309720806974,-0.010040344553891248,0.15887513995021446,0.05,0.05
1685599213.0888338,1.245461426014921,0.41835309720806974,-0.010040344553891248,0.15887513995021446,0.05,0.05
1685599213.1885605,1.245461426014921,0.41835309720806974,-0.010040344553891248,0.15887513995021446,0.05,0.05
1685599213.2413492,1.2723226869139008,0.3852348135828168,-0.14541750057758515,0.117325016976692,0.05,0.05
1685599213.2884364,1.2723226869139008,0.3852348135828168,-0.14541750057758515,0.117325016976692,0.05,0.05
1685599213.3883512,1.2723226869139008,0.3852348135828168,-0.14541750057758515,0.117325016976692,0.05,0.05
1685599213.403531,1.311011408156308,0.3522021065348474,-0.15213114791141732,0.12727411612744222,0.05,0.05
1685599213.4884756,1.311011408156308,0.3522021065348474,-0.15213114791141732,0.12727411612744222,0.05,0.05
1685599213.5704906,1.3214511228874077,0.33275023607031096,-0.10370634384309667,0.04636199147562236,0.05,0.05
1685599213.5884767,1.3214511228874077,0.33275023607031096,-0.10370634384309667,0.04636199147562236,0.05,0.05
1685599213.6885912,1.3214511228874077,0.33275023607031096,-0.10370634384309667,0.04636199147562236,0.05,0.05
1685599213.7495723,1.2041951794227619,0.4686890956588424,0.5962005091077219,-0.15105700907826136,0.05,0.05
1685599213.788468,1.2041951794227619,0.4686890956588424,0.5962005091077219,-0.15105700907826136,0.05,0.05
1685599213.888462,1.2041951794227619,0.4686890956588424,0.5962005091077219,-0.15105700907826136,0.05,0.05
1685599213.9241116,1.1679790618805679,0.48452109103687646,0.04302551341375034,0.038397338673527986,0.05,0.05
1685599213.988441,1.1679790618805679,0.48452109103687646,0.04302551341375034,0.038397338673527986,0.05,0.05
1685599214.0887828,1.1679790618805679,0.48452109103687646,0.04302551341375034,0.038397338673527986,0.05,0.05
1685599214.095341,1.135952641096495,0.45511467538992273,-0.2053423519462912,0.048987147536250455,0.05,0.05
1685599214.188524,1.135952641096495,0.45511467538992273,-0.2053423519462912,0.048987147536250455,0.05,0.05
1685599214.259183,1.180475740408752,0.4195838405314243,-0.15553024776773822,0.0508206379961947,0.05,0.05
1685599214.2890902,1.180475740408752,0.4195838405314243,-0.15553024776773822,0.0508206379961947,0.05,0.05
1685599214.388951,1.180475740408752,0.4195838405314243,-0.15553024776773822,0.0508206379961947,0.05,0.05
1685599214.4511747,1.0554984854267546,0.42465052036581064,-0.1089377905048949,0.012150417167930746,0.05,0.05
1685599214.488433,1.0554984854267546,0.42465052036581064,-0.1089377905048949,0.012150417167930746,0.05,0.05
1685599214.5884554,1.0554984854267546,0.42465052036581064,-0.1089377905048949,0.012150417167930746,0.05,0.05
1685599214.604826,1.1279979565490643,0.6111350590502976,1.2663065903642654,0.11735040974143718,0.05,0.05
1685599214.6886065,1.1279979565490643,0.6111350590502976,1.2663065903642654,0.11735040974143718,0.05,0.05
1685599214.7805192,1.103337292692205,0.5795180463673859,-0.21059647426399253,0.016176813027502256,0.05,0.05
1685599214.7884953,1.103337292692205,0.5795180463673859,-0.21059647426399253,0.016176813027502256,0.05,0.05
1685599214.888402,1.103337292692205,0.5795180463673859,-0.21059647426399253,0.016176813027502256,0.05,0.05
1685599214.9465556,1.1254346249470872,0.5841675369691115,0.04495099832551686,-0.0038151621237051425,0.05,0.05
1685599214.9885962,1.1254346249470872,0.5841675369691115,0.04495099832551686,-0.0038151621237051425,0.05,0.05
1685599215.0886176,1.1254346249470872,0.5841675369691115,0.04495099832551686,-0.0038151621237051425,0.05,0.05
1685599215.1210306,1.1311791865828191,0.5843399655845918,0.001986391532751058,0.05491914283300522,0.05,0.05
1685599215.1884518,1.1311791865828191,0.5843399655845918,0.001986391532751058,0.05491914283300522,0.05,0.05
1685599215.2710788,1.173271958885762,0.5677529503740717,-0.07022571392648518,0.19615789406200881,0.05,0.05
1685599215.2885985,1.173271958885762,0.5677529503740717,-0.07022571392648518,0.19615789406200881,0.05,0.05
1685599215.389045,1.173271958885762,0.5677529503740717,-0.07022571392648518,0.19615789406200881,0.05,0.05
1685599215.4893677,1.173271958885762,0.5677529503740717,-0.07022571392648518,0.19615789406200881,0.05,0.05
1685599215.5569727,1.2983976790544052,0.5760938583477803,0.0861764422132613,0.09495776807316121,0.05,0.05
1685599215.5890946,1.2983976790544052,0.5760938583477803,0.0861764422132613,0.09495776807316121,0.05,0.05
1685599215.6892016,1.2983976790544052,0.5760938583477803,0.0861764422132613,0.09495776807316121,0.05,0.05
1685599215.7137513,1.3173920395572318,0.6054260537005373,0.19471299919052173,0.12246900065172353,0.05,0.05
1685599215.7921772,1.3173920395572318,0.6054260537005373,0.19471299919052173,0.12246900065172353,0.05,0.05
1685599215.8898258,1.3173920395572318,0.6054260537005373,0.19471299919052173,0.12246900065172353,0.05,0.05
1685599215.8977659,1.3415447325895327,0.5677577935054202,-0.19500360498859667,0.07125252019849261,0.05,0.05
1685599215.9889789,1.3415447325895327,0.5677577935054202,-0.19500360498859667,0.07125252019849261,0.05,0.05
1685599216.0478485,1.3707199513939745,0.5302635722091859,-0.23799865184405633,0.10327719992447487,0.05,0.05
1685599216.0891187,1.3707199513939745,0.5302635722091859,-0.23799865184405633,0.10327719992447487,0.05,0.05
1685599216.1903455,1.3707199513939745,0.5302635722091859,-0.23799865184405633,0.10327719992447487,0.05,0.05
1685599216.2341642,1.40613551428343,0.5615396320544369,0.17679254106898434,0.0627306886377257,0.05,0.05
1685599216.2889063,1.40613551428343,0.5615396320544369,0.17679254106898434,0.0627306886377257,0.05,0.05
1685599216.3893554,1.40613551428343,0.5615396320544369,0.17679254106898434,0.0627306886377257,0.05,0.05
1685599216.4027922,1.3106867973261715,0.5937516584527212,0.1526294007457672,-0.11568807829722486,0.05,0.05
1685599216.4903185,1.3106867973261715,0.5937516584527212,0.1526294007457672,-0.11568807829722486,0.05,0.05
1685599216.5363057,1.3905640159931598,0.570751312146087,-0.13380046582918842,0.08547237503370467,0.05,0.05
1685599216.5894215,1.3905640159931598,0.570751312146087,-0.13380046582918842,0.08547237503370467,0.05,0.05
1685599216.6891942,1.3905640159931598,0.570751312146087,-0.13380046582918842,0.08547237503370467,0.05,0.05
1685599216.7636695,1.3583080623090666,0.5367542960746837,-0.15774593885445032,0.07338515075169715,0.05,0.05
1685599216.789054,1.3583080623090666,0.5367542960746837,-0.15774593885445032,0.07338515075169715,0.05,0.05
1685599216.8896768,1.3583080623090666,0.5367542960746837,-0.15774593885445032,0.07338515075169715,0.05,0.05
1685599216.9361038,1.3131142295549298,0.6081453424802591,0.39828705456621316,-0.013852314594537252,0.05,0.05
1685599216.9891367,1.3131142295549298,0.6081453424802591,0.39828705456621316,-0.013852314594537252,0.05,0.05
1685599217.0636454,1.2935658149619003,0.5370890620547811,-0.5686956609080969,-0.11505315872277815,0.05,0.05
1685599217.090483,1.2935658149619003,0.5370890620547811,-0.5686956609080969,-0.11505315872277815,0.05,0.05
1685599217.1890478,1.2935658149619003,0.5370890620547811,-0.5686956609080969,-0.11505315872277815,0.05,0.05
1685599217.2648752,1.285019498518629,0.5703365442497322,0.178177714648672,0.029721027738586595,0.05,0.05
1685599217.2890058,1.285019498518629,0.5703365442497322,0.178177714648672,0.029721027738586595,0.05,0.05
1685599217.3897088,1.285019498518629,0.5703365442497322,0.178177714648672,0.029721027738586595,0.05,0.05
1685599217.4425237,1.2544682997531091,0.5477609083436944,-0.1265814025261915,0.11108900533002511,0.05,0.05
1685599217.4891796,1.2544682997531091,0.5477609083436944,-0.1265814025261915,0.11108900533002511,0.05,0.05
1685599217.5897233,1.2544682997531091,0.5477609083436944,-0.1265814025261915,0.11108900533002511,0.05,0.05
1685599217.6162555,1.2469889568588273,0.5123860384301812,-0.19915394836006772,0.0886422189834408,0.05,0.05
1685599217.6894708,1.2469889568588273,0.5123860384301812,-0.19915394836006772,0.0886422189834408,0.05,0.05
1685599217.7892933,1.2284754992970661,0.48941714490862365,-0.1284047755912433,0.06549115806627989,0.05,0.05
1685599217.790174,1.2284754992970661,0.48941714490862365,-0.1284047755912433,0.06549115806627989,0.05,0.05
1685599217.8895805,1.2284754992970661,0.48941714490862365,-0.1284047755912433,0.06549115806627989,0.05,0.05
1685599217.9478526,1.2931912161590533,0.489926231722135,-0.008653459598595424,0.09622347755973691,0.05,0.05
1685599217.989417,1.2931912161590533,0.489926231722135,-0.008653459598595424,0.09622347755973691,0.05,0.05
1685599218.0889962,1.2931912161590533,0.489926231722135,-0.008653459598595424,0.09622347755973691,0.05,0.05
1685599218.1294343,1.1920871524299528,0.6137208023213727,0.6705156090924701,0.059763911264565366,0.05,0.05
1685599218.1890962,1.1920871524299528,0.6137208023213727,0.6705156090924701,0.059763911264565366,0.05,0.05
1685599218.2734993,1.11337908052379,0.5380717644854544,-0.5359264698394962,-0.020906383596126225,0.05,0.05
1685599218.2889092,1.11337908052379,0.5380717644854544,-0.5359264698394962,-0.020906383596126225,0.05,0.05
1685599218.3891442,1.11337908052379,0.5380717644854544,-0.5359264698394962,-0.020906383596126225,0.05,0.05
1685599218.433856,1.0097640041390554,0.531221599742012,-0.0406575149496193,0.08386205213232861,0.05,0.05
1685599218.4891584,1.0097640041390554,0.531221599742012,-0.0406575149496193,0.08386205213232861,0.05,0.05
1685599218.5890698,1.0097640041390554,0.531221599742012,-0.0406575149496193,0.08386205213232861,0.05,0.05
1685599218.6463718,1.0319609064775925,0.47040146759957135,-0.2980666712378152,0.14827342564425852,0.05,0.05
1685599218.68946,1.0319609064775925,0.47040146759957135,-0.2980666712378152,0.14827342564425852,0.05,0.05
1685599218.7892554,1.0319609064775925,0.47040146759957135,-0.2980666712378152,0.14827342564425852,0.05,0.05
1685599218.7988985,1.0546916568890587,0.4101066900878746,-0.4002138658150773,0.1901655348971281,0.05,0.05
1685599218.8891873,1.0546916568890587,0.4101066900878746,-0.4002138658150773,0.1901655348971281,0.05,0.05
1685599218.9377954,1.4152543940502393,0.6234715280862541,1.3920101272032337,-0.08163449801171979,0.05,0.05
1685599218.9897692,1.4152543940502393,0.6234715280862541,1.3920101272032337,-0.08163449801171979,0.05,0.05
1685599219.089133,1.4152543940502393,0.6234715280862541,1.3920101272032337,-0.08163449801171979,0.05,0.05
1685599219.1441395,1.502758465528622,0.6160615413617498,-0.08030984978141906,0.06509778419628791,0.05,0.05
1685599219.1894639,1.502758465528622,0.6160615413617498,-0.08030984978141906,0.06509778419628791,0.05,0.05
1685599219.289718,1.502758465528622,0.6160615413617498,-0.08030984978141906,0.06509778419628791,0.05,0.05
1685599219.3196683,1.463936081425351,0.6826130397858223,0.3775763812284366,0.1587812923307456,0.05,0.05
1685599219.38976,1.463936081425351,0.6826130397858223,0.3775763812284366,0.1587812923307456,0.05,0.05
1685599219.489031,1.463936081425351,0.6826130397858223,0.3775763812284366,0.1587812923307456,0.05,0.05
1685599219.502357,1.524771958948343,0.6321666871726838,-0.3121862755370721,0.021127450166240683,0.05,0.05
1685599219.5895977,1.524771958948343,0.6321666871726838,-0.3121862755370721,0.021127450166240683,0.05,0.05
1685599219.6751387,1.4778806219881397,0.6332603158055654,0.03473404445092481,0.059476158706447096,0.05,0.05
1685599219.6890574,1.4778806219881397,0.6332603158055654,0.03473404445092481,0.059476158706447096,0.05,0.05
1685599219.789103,1.4778806219881397,0.6332603158055654,0.03473404445092481,0.059476158706447096,0.05,0.05
1685599219.8129663,1.2634505123524216,0.7882226631461703,1.2691621175138947,-0.1353977571047699,0.05,0.05
1685599219.8899612,1.2634505123524216,0.7882226631461703,1.2691621175138947,-0.1353977571047699,0.05,0.05
1685599219.9755332,1.260220825754793,0.7481951086277084,-0.24418445378948145,0.10197820355688933,0.05,0.05
1685599219.9891367,1.260220825754793,0.7481951086277084,-0.24418445378948145,0.10197820355688933,0.05,0.05
1685599220.0893264,1.260220825754793,0.7481951086277084,-0.24418445378948145,0.10197820355688933,0.05,0.05
1685599220.1592715,1.3291944809745637,0.7435860879565536,-0.07168134331063342,0.0707738730258161,0.05,0.05
1685599220.1891034,1.3291944809745637,0.7435860879565536,-0.07168134331063342,0.0707738730258161,0.05,0.05
1685599220.289257,1.3291944809745637,0.7435860879565536,-0.07168134331063342,0.0707738730258161,0.05,0.05
1685599220.3401554,1.3504386730966724,0.7675672137348853,0.11512685811430658,0.08311281865159688,0.05,0.05
1685599220.3893895,1.3504386730966724,0.7675672137348853,0.11512685811430658,0.08311281865159688,0.05,0.05
1685599220.4894936,1.3504386730966724,0.7675672137348853,0.11512685811430658,0.08311281865159688,0.05,0.05
1685599220.5133414,1.2227861818400416,0.8003860581447869,0.29428807336982477,0.04608481303608507,0.05,0.05
1685599220.5893452,1.2227861818400416,0.8003860581447869,0.29428807336982477,0.04608481303608507,0.05,0.05
1685599220.6856172,1.1991405935870612,0.8215516988773925,0.14299299319370096,-0.02835543931217561,0.05,0.05
1685599220.6892178,1.1991405935870612,0.8215516988773925,0.14299299319370096,-0.02835543931217561,0.05,0.05
1685599220.7897332,1.1991405935870612,0.8215516988773925,0.14299299319370096,-0.02835543931217561,0.05,0.05
1685599220.8519723,1.1407190503265767,0.7904323701674734,-0.12015248845856032,0.228494258784415,0.05,0.05
1685599220.8909373,1.1407190503265767,0.7904323701674734,-0.12015248845856032,0.228494258784415,0.05,0.05
1685599220.989346,1.1407190503265767,0.7904323701674734,-0.12015248845856032,0.228494258784415,0.05,0.05
1685599221.0246203,1.1192777051309626,0.7928772023304952,0.039179460394341906,0.15310120478697248,0.05,0.05
1685599221.0892878,1.1192777051309626,0.7928772023304952,0.039179460394341906,0.15310120478697248,0.05,0.05
1685599221.1891673,1.1192777051309626,0.7928772023304952,0.039179460394341906,0.15310120478697248,0.05,0.05
1685599221.2209027,1.111075764903925,0.7220838825433222,-0.3393956830286829,0.20602222939632892,0.05,0.05
1685599221.2892783,1.111075764903925,0.7220838825433222,-0.3393956830286829,0.20602222939632892,0.05,0.05
1685599221.3637276,1.1718051968358578,0.5857761452027178,-1.0417545904944316,0.20567558741427644,0.05,0.05
1685599221.39178,1.1718051968358578,0.5857761452027178,-1.0417545904944316,0.20567558741427644,0.05,0.05
1685599221.4891696,1.1718051968358578,0.5857761452027178,-1.0417545904944316,0.20567558741427644,0.05,0.05
1685599221.5450528,1.3320954515167767,0.7636275498668557,0.8051128444323152,-0.5456866924199553,0.05,0.05
1685599221.5894873,1.3320954515167767,0.7636275498668557,0.8051128444323152,-0.5456866924199553,0.05,0.05
1685599221.6866255,1.2397084702776944,0.8438741209623473,0.6908035247927965,0.1867409660860908,0.05,0.05
1685599221.6894417,1.2397084702776944,0.8438741209623473,0.6908035247927965,0.1867409660860908,0.05,0.05
1685599221.7889378,1.2397084702776944,0.8438741209623473,0.6908035247927965,0.1867409660860908,0.05,0.05
1685599221.8820202,1.1372617434428678,0.8118053486735441,-0.03602858389614909,0.1698964600393529,0.05,0.05
1685599221.8891346,1.1372617434428678,0.8118053486735441,-0.03602858389614909,0.1698964600393529,0.05,0.05
1685599221.9892547,1.1372617434428678,0.8118053486735441,-0.03602858389614909,0.1698964600393529,0.05,0.05
1685599222.028752,1.0465320369354942,0.8228055062465639,0.24216108638519024,0.2726062290242313,0.05,0.05
1685599222.0889454,1.0465320369354942,0.8228055062465639,0.24216108638519024,0.2726062290242313,0.05,0.05
1685599222.189087,1.0465320369354942,0.8228055062465639,0.24216108638519024,0.2726062290242313,0.05,0.05
1685599222.2205372,0.9416672528072365,0.7782892607789921,-0.05071399785051401,0.19985238820952667,0.05,0.05
1685599222.2906795,0.9416672528072365,0.7782892607789921,-0.05071399785051401,0.19985238820952667,0.05,0.05
1685599222.3829513,1.3045160770728472,0.7791063166607637,-0.5693961736115486,-0.35216736479753646,0.05,0.05
1685599222.3898356,1.3045160770728472,0.7791063166607637,-0.5693961736115486,-0.35216736479753646,0.05,0.05
1685599222.4638932,1.2863849518683264,0.7039016106831074,-0.814552616255245,0.4124544870795411,0.05,0.05
1685599222.4886937,1.2863849518683264,0.7039016106831074,-0.814552616255245,0.4124544870795411,0.05,0.05
1685599222.588446,1.2863849518683264,0.7039016106831074,-0.814552616255245,0.4124544870795411,0.05,0.05
1685599222.6358395,1.25553180635003,0.7138911516646885,0.11605945422521931,0.20909481808851707,0.05,0.05
1685599222.6886456,1.25553180635003,0.7138911516646885,0.11605945422521931,0.20909481808851707,0.05,0.05
1685599222.7888377,1.25553180635003,0.7138911516646885,0.11605945422521931,0.20909481808851707,0.05,0.05
1685599222.8644187,1.290567142519711,0.6916726393749101,-0.1392698879005463,0.029412398433814976,0.05,0.05
1685599222.888515,1.290567142519711,0.6916726393749101,-0.1392698879005463,0.029412398433814976,0.05,0.05
1685599222.9884489,1.290567142519711,0.6916726393749101,-0.1392698879005463,0.029412398433814976,0.05,0.05
1685599223.0884583,1.290567142519711,0.6916726393749101,-0.1392698879005463,0.029412398433814976,0.05,0.05
1685599223.1884503,1.290567142519711,0.6916726393749101,-0.1392698879005463,0.029412398433814976,0.05,0.05
1685599223.2889452,1.290567142519711,0.6916726393749101,-0.1392698879005463,0.029412398433814976,0.05,0.05
1685599223.3922591,1.266206782156387,0.739079106708971,0.10275159794475484,0.059144861712157555,0.05,0.05
1685599223.392055,1.266206782156387,0.739079106708971,0.10275159794475484,0.059144861712157555,0.05,0.05
1685599223.488417,1.266206782156387,0.739079106708971,0.10275159794475484,0.059144861712157555,0.05,0.05
1685599223.5207047,1.304326597270628,1.0014464238764715,1.7209146251064849,-0.59182789728762,0.05,0.05
1685599223.5885625,1.304326597270628,1.0014464238764715,1.7209146251064849,-0.59182789728762,0.05,0.05
1685599223.6888168,1.304326597270628,1.0014464238764715,1.7209146251064849,-0.59182789728762,0.05,0.05
1685599223.7349024,1.3321827903671482,0.976754745586276,-0.1488818671227783,0.09086153867523217,0.05,0.05
1685599223.788528,1.3321827903671482,0.976754745586276,-0.1488818671227783,0.09086153867523217,0.05,0.05
1685599223.8691278,1.31668474745985,0.9799531513876505,0.057276755031358505,0.047559104990759646,0.05,0.05
1685599223.8883758,1.31668474745985,0.9799531513876505,0.057276755031358505,0.047559104990759646,0.05,0.05
1685599223.988392,1.31668474745985,0.9799531513876505,0.057276755031358505,0.047559104990759646,0.05,0.05
1685599224.052027,1.237978379275894,1.0039150978749682,0.2636433512723969,0.12053633675887994,0.05,0.05
1685599224.0884275,1.237978379275894,1.0039150978749682,0.2636433512723969,0.12053633675887994,0.05,0.05
1685599224.1884856,1.237978379275894,1.0039150978749682,0.2636433512723969,0.12053633675887994,0.05,0.05
1685599224.209878,1.1307852891467218,1.032533098984957,0.39820402050319054,0.09389341426232553,0.05,0.05
1685599224.288441,1.1307852891467218,1.032533098984957,0.39820402050319054,0.09389341426232553,0.05,0.05
1685599224.389352,1.1307852891467218,1.032533098984957,0.39820402050319054,0.09389341426232553,0.05,0.05
1685599224.3942432,1.135550716982362,1.0437208844865626,0.049154722049299604,-0.05102248954541733,0.05,0.05
1685599224.4887,1.135550716982362,1.0437208844865626,0.049154722049299604,-0.05102248954541733,0.05,0.05
1685599224.588431,1.135550716982362,1.0437208844865626,0.049154722049299604,-0.05102248954541733,0.05,0.05
1685599224.6887352,1.135550716982362,1.0437208844865626,0.049154722049299604,-0.05102248954541733,0.05,0.05
1685599224.7610068,1.0083208994281425,1.0492866966049872,0.1340319371875897,0.049137346024076316,0.05,0.05
1685599224.7884116,1.0083208994281425,1.0492866966049872,0.1340319371875897,0.049137346024076316,0.05,0.05
1685599224.888397,1.0083208994281425,1.0492866966049872,0.1340319371875897,0.049137346024076316,0.05,0.05
1685599224.9145274,0.900211054416834,1.0635507083764995,0.3446684079000821,0.11185688806588316,0.05,0.05
1685599224.988596,0.900211054416834,1.0635507083764995,0.3446684079000821,0.11185688806588316,0.05,0.05
1685599225.087025,0.9169354688758009,1.0506509297550406,-0.10431590825596661,0.07574450702192778,0.05,0.05
1685599225.0883505,0.9169354688758009,1.0506509297550406,-0.10431590825596661,0.07574450702192778,0.05,0.05
1685599225.1884043,0.9169354688758009,1.0506509297550406,-0.10431590825596661,0.07574450702192778,0.05,0.05
1685599225.2884185,0.9169354688758009,1.0506509297550406,-0.10431590825596661,0.07574450702192778,0.05,0.05
1685599225.38849,0.9169354688758009,1.0506509297550406,-0.10431590825596661,0.07574450702192778,0.05,0.05
1685599225.4280806,0.8674815317877576,0.9671491199696552,-0.16983223948597836,0.03743146303631216,0.05,0.05
1685599225.4884775,0.8674815317877576,0.9671491199696552,-0.16983223948597836,0.03743146303631216,0.05,0.05
1685599225.588447,0.8674815317877576,0.9671491199696552,-0.16983223948597836,0.03743146303631216,0.05,0.05
1685599225.612363,1.1375758478411335,1.0131570504702567,-0.28858006108965045,-0.1670504036443763,0.05,0.05
1685599225.6886556,1.1375758478411335,1.0131570504702567,-0.28858006108965045,-0.1670504036443763,0.05,0.05
1685599225.7768466,1.0688013911587124,1.0137260084495916,0.15464408873109461,0.027541830772247523,0.05,0.05
1685599225.788484,1.0688013911587124,1.0137260084495916,0.15464408873109461,0.027541830772247523,0.05,0.05
1685599225.8885074,1.0688013911587124,1.0137260084495916,0.15464408873109461,0.027541830772247523,0.05,0.05
1685599225.939088,1.0278763389343015,0.9908238720634498,-0.035685420711424366,0.10773458892735084,0.05,0.05
1685599225.9890134,1.0278763389343015,0.9908238720634498,-0.035685420711424366,0.10773458892735084,0.05,0.05
1685599226.0886111,1.0278763389343015,0.9908238720634498,-0.035685420711424366,0.10773458892735084,0.05,0.05
1685599226.1200402,1.0264326654577673,1.042305538159709,0.2662504202233904,0.049829250384639645,0.05,0.05
1685599226.1884217,1.0264326654577673,1.042305538159709,0.2662504202233904,0.049829250384639645,0.05,0.05
1685599226.28811,1.1370214493208126,1.036763709187723,-0.3003734532963641,0.17952846339837195,0.05,0.05
1685599226.2882972,1.1370214493208126,1.036763709187723,-0.3003734532963641,0.17952846339837195,0.05,0.05
1685599226.3885267,1.1370214493208126,1.036763709187723,-0.3003734532963641,0.17952846339837195,0.05,0.05
1685599226.4545965,1.23936887770508,1.1071102864598406,0.11789810570710126,0.11307802983081211,0.05,0.05
1685599226.4884377,1.23936887770508,1.1071102864598406,0.11789810570710126,0.11307802983081211,0.05,0.05
1685599226.588515,1.23936887770508,1.1071102864598406,0.11789810570710126,0.11307802983081211,0.05,0.05
1685599226.6263378,1.145375159326403,1.1538688244850868,0.4815629131850473,0.01319701166784128,0.05,0.05
1685599226.6886337,1.145375159326403,1.1538688244850868,0.4815629131850473,0.01319701166784128,0.05,0.05
1685599226.788463,1.145375159326403,1.1538688244850868,0.4815629131850473,0.01319701166784128,0.05,0.05
1685599226.796558,1.1308001084481945,1.1166707771117315,-0.16191874333133688,-0.05462957780917797,0.05,0.05
1685599226.888469,1.1308001084481945,1.1166707771117315,-0.16191874333133688,-0.05462957780917797,0.05,0.05
1685599226.9721913,1.153039666468219,1.109322090950035,-0.09132121695389811,-0.012935328764262715,0.05,0.05
1685599226.988441,1.153039666468219,1.109322090950035,-0.09132121695389811,-0.012935328764262715,0.05,0.05
1685599227.0883355,1.153039666468219,1.109322090950035,-0.09132121695389811,-0.012935328764262715,0.05,0.05
1685599227.1395006,1.1719156424193993,1.122761244372295,0.02585395457362608,-0.026145358888918162,0.05,0.05
1685599227.1885,1.1719156424193993,1.122761244372295,0.02585395457362608,-0.026145358888918162,0.05,0.05
1685599227.288688,1.1719156424193993,1.122761244372295,0.02585395457362608,-0.026145358888918162,0.05,0.05
1685599227.338849,1.2218122915253775,1.1709629775624182,0.1009099671243164,0.2092097329308722,0.05,0.05
1685599227.3885057,1.2218122915253775,1.1709629775624182,0.1009099671243164,0.2092097329308722,0.05,0.05
1685599227.4727585,1.2690484506056348,1.2262123674807146,0.20511911779098227,0.03831095227228824,0.05,0.05
1685599227.4884121,1.2690484506056348,1.2262123674807146,0.20511911779098227,0.03831095227228824,0.05,0.05
1685599227.5890076,1.2690484506056348,1.2262123674807146,0.20511911779098227,0.03831095227228824,0.05,0.05
1685599227.6704705,1.2037807784201937,1.233879757162863,0.1860487674630622,0.008137091433486721,0.05,0.05
1685599227.6885452,1.2037807784201937,1.233879757162863,0.1860487674630622,0.008137091433486721,0.05,0.05
1685599227.788451,1.2037807784201937,1.233879757162863,0.1860487674630622,0.008137091433486721,0.05,0.05
1685599227.8406181,1.091707838110157,1.2481214820554438,0.3784217469761578,-0.023893255381785133,0.05,0.05
1685599227.8884292,1.091707838110157,1.2481214820554438,0.3784217469761578,-0.023893255381785133,0.05,0.05
1685599227.9878607,1.1005355302066668,1.2643190325606337,0.07041746954516641,-0.028914894518128634,0.05,0.05
1685599227.9883473,1.1005355302066668,1.2643190325606337,0.07041746954516641,-0.028914894518128634,0.05,0.05
1685599228.0886185,1.1005355302066668,1.2643190325606337,0.07041746954516641,-0.028914894518128634,0.05,0.05
1685599228.1886096,1.1005355302066668,1.2643190325606337,0.07041746954516641,-0.028914894518128634,0.05,0.05
1685599228.2885077,1.1005355302066668,1.2643190325606337,0.07041746954516641,-0.028914894518128634,0.05,0.05
1685599228.3729506,1.2334839373330704,1.1711199607108769,-0.38116739002790395,0.10998413243921283,0.05,0.05
1685599228.388565,1.2334839373330704,1.1711199607108769,-0.38116739002790395,0.10998413243921283,0.05,0.05
1685599228.4887946,1.2334839373330704,1.1711199607108769,-0.38116739002790395,0.10998413243921283,0.05,0.05
1685599228.5888307,1.2334839373330704,1.1711199607108769,-0.38116739002790395,0.10998413243921283,0.05,0.05
1685599228.6119144,1.2096318779845543,1.2138026400627828,0.20408042421076902,0.09811116833555789,0.05,0.05
1685599228.689337,1.2096318779845543,1.2138026400627828,0.20408042421076902,0.09811116833555789,0.05,0.05
1685599228.7888691,1.2156770320264096,1.1669824683152556,-0.24391215208524897,0.11229705386702553,0.05,0.05
1685599228.7904625,1.2156770320264096,1.1669824683152556,-0.24391215208524897,0.11229705386702553,0.05,0.05
1685599228.8888855,1.2156770320264096,1.1669824683152556,-0.24391215208524897,0.11229705386702553,0.05,0.05
1685599228.9894147,1.256641602478337,1.2241399304432155,0.13251635903064773,0.02061201610035154,0.05,0.05
1685599228.9896376,1.256641602478337,1.2241399304432155,0.13251635903064773,0.02061201610035154,0.05,0.05
1685599229.0906076,1.256641602478337,1.2241399304432155,0.13251635903064773,0.02061201610035154,0.05,0.05
1685599229.128952,1.2258394202646157,1.1752386518075661,-0.18393787731706254,-0.0889643047964055,0.05,0.05
1685599229.1899269,1.2258394202646157,1.1752386518075661,-0.18393787731706254,-0.0889643047964055,0.05,0.05
1685599229.2893584,1.2258394202646157,1.1752386518075661,-0.18393787731706254,-0.0889643047964055,0.05,0.05
1685599229.3219273,1.0098140116546372,1.2117244912167888,0.7593535782457008,0.09041665805086932,0.05,0.05
1685599229.3893201,1.0098140116546372,1.2117244912167888,0.7593535782457008,0.09041665805086932,0.05,0.05
1685599229.490088,1.0098140116546372,1.2117244912167888,0.7593535782457008,0.09041665805086932,0.05,0.05
1685599229.5116217,0.8783558507713661,1.1659091978002927,0.1776908879585019,0.07584595888735457,0.05,0.05
1685599229.5892825,0.8783558507713661,1.1659091978002927,0.1776908879585019,0.07584595888735457,0.05,0.05
1685599229.6894484,0.8783558507713661,1.1659091978002927,0.1776908879585019,0.07584595888735457,0.05,0.05
1685599229.69014,0.7871290251607762,1.2053095387569113,0.47002470090335485,0.11409167348499141,0.05,0.05
1685599229.7896893,0.7871290251607762,1.2053095387569113,0.47002470090335485,0.11409167348499141,0.05,0.05
1685599229.8563523,0.7500959013074122,1.1737001718842477,-0.031175279211047298,0.0023951925200259507,0.05,0.05
1685599229.8892462,0.7500959013074122,1.1737001718842477,-0.031175279211047298,0.0023951925200259507,0.05,0.05
1685599229.989185,0.7500959013074122,1.1737001718842477,-0.031175279211047298,0.0023951925200259507,0.05,0.05
1685599230.0120637,0.7040259113369278,1.1733453469546822,0.16539239541274303,0.01871348501184981,0.05,0.05
1685599230.0889838,0.7040259113369278,1.1733453469546822,0.16539239541274303,0.01871348501184981,0.05,0.05
1685599230.1908772,0.7040259113369278,1.1733453469546822,0.16539239541274303,0.01871348501184981,0.05,0.05
1685599230.1999872,1.2344127009863266,1.2565518928816883,-1.2642741513223879,0.05483387095176928,0.05,0.05
1685599230.2890496,1.2344127009863266,1.2565518928816883,-1.2642741513223879,0.05483387095176928,0.05,0.05
1685599230.3894296,1.2344127009863266,1.2565518928816883,-1.2642741513223879,0.05483387095176928,0.05,0.05
1685599230.489011,1.2344127009863266,1.2565518928816883,-1.2642741513223879,0.05483387095176928,0.05,0.05
1685599230.5682535,1.1190487980512969,1.3065052682207503,0.2948076292237369,0.055313111174928764,0.05,0.05
1685599230.5892434,1.1190487980512969,1.3065052682207503,0.2948076292237369,0.055313111174928764,0.05,0.05
1685599230.6898777,1.1190487980512969,1.3065052682207503,0.2948076292237369,0.055313111174928764,0.05,0.05
1685599230.7221541,1.1349465737146254,1.2448761901970662,-0.38248461913198195,0.058126758675563515,0.05,0.05
1685599230.7894535,1.1349465737146254,1.2448761901970662,-0.38248461913198195,0.058126758675563515,0.05,0.05
1685599230.859383,1.0804370589276113,1.2483270138246418,0.2612879079542106,0.07096453395262613,0.05,0.05
1685599230.8892171,1.0804370589276113,1.2483270138246418,0.2612879079542106,0.07096453395262613,0.05,0.05
1685599230.989227,1.0804370589276113,1.2483270138246418,0.2612879079542106,0.07096453395262613,0.05,0.05
1685599231.0694902,1.0371620588719372,1.2471715755980741,0.12252771307672343,0.04148256246215604,0.05,0.05
1685599231.0895789,1.0371620588719372,1.2471715755980741,0.12252771307672343,0.04148256246215604,0.05,0.05
1685599231.1893642,1.0371620588719372,1.2471715755980741,0.12252771307672343,0.04148256246215604,0.05,0.05
1685599231.232857,1.1169894204885211,1.3565178594541423,0.21383990249696494,0.1022182762165077,0.05,0.05
1685599231.288928,1.1169894204885211,1.3565178594541423,0.21383990249696494,0.1022182762165077,0.05,0.05
1685599231.3901176,1.1169894204885211,1.3565178594541423,0.21383990249696494,0.1022182762165077,0.05,0.05
1685599231.4063563,1.1619424766889033,1.3170951685468892,-0.3412960812941754,0.12691142270946063,0.05,0.05
1685599231.4893763,1.1619424766889033,1.3170951685468892,-0.3412960812941754,0.12691142270946063,0.05,0.05
1685599231.5741704,1.2283154306891904,1.374375501740662,-0.0009335462484022716,0.08609043459235001,0.05,0.05
1685599231.589243,1.2283154306891904,1.374375501740662,-0.0009335462484022716,0.08609043459235001,0.05,0.05
1685599231.6894069,1.2283154306891904,1.374375501740662,-0.0009335462484022716,0.08609043459235001,0.05,0.05
1685599231.758834,1.1944643249611466,1.403011763771471,0.23871354057157282,0.05819349420478345,0.05,0.05
1685599231.789374,1.1944643249611466,1.403011763771471,0.23871354057157282,0.05819349420478345,0.05,0.05
1685599231.8893318,1.1944643249611466,1.403011763771471,0.23871354057157282,0.05819349420478345,0.05,0.05
1685599231.9216535,1.173285417757212,1.3644045521482975,-0.09228612815312648,-0.017180420883738636,0.05,0.05
1685599231.989164,1.173285417757212,1.3644045521482975,-0.09228612815312648,-0.017180420883738636,0.05,0.05
1685599232.0897655,1.173285417757212,1.3644045521482975,-0.09228612815312648,-0.017180420883738636,0.05,0.05
1685599232.0999105,1.1448175490940449,1.3867476294319743,0.1986842294089528,-0.08359958511955722,0.05,0.05
1685599232.1891603,1.1448175490940449,1.3867476294319743,0.1986842294089528,-0.08359958511955722,0.05,0.05
1685599232.2893214,1.1448175490940449,1.3867476294319743,0.1986842294089528,-0.08359958511955722,0.05,0.05
1685599232.3113132,1.1482223284531337,1.338331606428465,-0.18628103644582603,0.04136607579134938,0.05,0.05
1685599232.389875,1.1482223284531337,1.338331606428465,-0.18628103644582603,0.04136607579134938,0.05,0.05
1685599232.448938,1.138046485312184,1.3289229075426283,-0.00227493283459349,0.06850552744533907,0.05,0.05
1685599232.489466,1.138046485312184,1.3289229075426283,-0.00227493283459349,0.06850552744533907,0.05,0.05
1685599232.5891259,1.138046485312184,1.3289229075426283,-0.00227493283459349,0.06850552744533907,0.05,0.05
1685599232.610367,1.124771389282261,1.2819179870303063,-0.15847480313566087,0.12497638775210189,0.05,0.05
1685599232.6894512,1.124771389282261,1.2819179870303063,-0.15847480313566087,0.12497638775210189,0.05,0.05
1685599232.7892764,1.124771389282261,1.2819179870303063,-0.15847480313566087,0.12497638775210189,0.05,0.05
1685599232.8894577,1.124771389282261,1.2819179870303063,-0.15847480313566087,0.12497638775210189,0.05,0.05
1685599232.9684062,1.2008371775117483,1.278433994619482,-0.1535294613904907,0.04064241193352235,0.05,0.05
1685599232.9894905,1.2008371775117483,1.278433994619482,-0.1535294613904907,0.04064241193352235,0.05,0.05
1685599233.0892255,1.2008371775117483,1.278433994619482,-0.1535294613904907,0.04064241193352235,0.05,0.05
1685599233.1367977,1.097340352029418,1.4112710698430169,0.9895448703083195,-0.015265261859538345,0.05,0.05
1685599233.1889884,1.097340352029418,1.4112710698430169,0.9895448703083195,-0.015265261859538345,0.05,0.05
1685599233.2897313,1.097340352029418,1.4112710698430169,0.9895448703083195,-0.015265261859538345,0.05,0.05
1685599233.297013,1.1174239926766862,1.3813476041702397,-0.22326618264262685,-0.06494459881214318,0.05,0.05
1685599233.3892937,1.1174239926766862,1.3813476041702397,-0.22326618264262685,-0.06494459881214318,0.05,0.05
1685599233.4597187,1.0764714937042503,1.4210051320699892,0.3491160656953994,0.004077718680464022,0.05,0.05
1685599233.4891148,1.0764714937042503,1.4210051320699892,0.3491160656953994,0.004077718680464022,0.05,0.05
1685599233.5892577,1.0764714937042503,1.4210051320699892,0.3491160656953994,0.004077718680464022,0.05,0.05
1685599233.6552405,1.0999958689921927,1.4813556381581312,0.1435455592199909,0.016244410232720673,0.05,0.05
1685599233.6892657,1.0999958689921927,1.4813556381581312,0.1435455592199909,0.016244410232720673,0.05,0.05
1685599233.7892447,1.0999958689921927,1.4813556381581312,0.1435455592199909,0.016244410232720673,0.05,0.05
1685599233.817924,1.0521395817734056,1.4232480871363458,-0.05490357422991245,0.07399259670300233,0.05,0.05
1685599233.8891363,1.0521395817734056,1.4232480871363458,-0.05490357422991245,0.07399259670300233,0.05,0.05
1685599233.9898732,1.0521395817734056,1.4232480871363458,-0.05490357422991245,0.07399259670300233,0.05,0.05
1685599234.0627432,1.1790852090517543,1.4645081611677297,-0.2615577826286557,0.2156805444194304,0.05,0.05
1685599234.089234,1.1790852090517543,1.4645081611677297,-0.2615577826286557,0.2156805444194304,0.05,0.05
1685599234.1639426,1.1483557966750142,1.4644106887405046,0.2237132612669167,0.20596604211554112,0.05,0.05
1685599234.189019,1.1483557966750142,1.4644106887405046,0.2237132612669167,0.20596604211554112,0.05,0.05
1685599234.2902653,1.1483557966750142,1.4644106887405046,0.2237132612669167,0.20596604211554112,0.05,0.05
1685599234.30839,0.9914955061218977,1.5110306697730504,1.0405293907599162,0.23340660867399887,0.05,0.05
1685599234.388889,0.9914955061218977,1.5110306697730504,1.0405293907599162,0.23340660867399887,0.05,0.05
1685599234.4892132,0.9914955061218977,1.5110306697730504,1.0405293907599162,0.23340660867399887,0.05,0.05
1685599234.5894177,0.9914955061218977,1.5110306697730504,1.0405293907599162,0.23340660867399887,0.05,0.05
1685599234.6716301,0.9568192668984257,1.4377478779135064,-0.05542208753790521,0.022687234850033756,0.05,0.05
1685599234.689243,0.9568192668984257,1.4377478779135064,-0.05542208753790521,0.022687234850033756,0.05,0.05
1685599234.7892368,0.9568192668984257,1.4377478779135064,-0.05542208753790521,0.022687234850033756,0.05,0.05
1685599234.8892858,0.9568192668984257,1.4377478779135064,-0.05542208753790521,0.022687234850033756,0.05,0.05
1685599234.9890103,0.9568192668984257,1.4377478779135064,-0.05542208753790521,0.022687234850033756,0.05,0.05
1685599235.0413105,0.8949703685705103,1.3836047695903502,0.037113233992800906,0.023970321371974877,0.05,0.05
1685599235.0894496,0.8949703685705103,1.3836047695903502,0.037113233992800906,0.023970321371974877,0.05,0.05
1685599235.1893668,0.8949703685705103,1.3836047695903502,0.037113233992800906,0.023970321371974877,0.05,0.05
1685599235.2096765,0.9583587351308446,1.4697975317852827,0.032463067190192485,-0.010742662246357905,0.05,0.05
1685599235.2889469,0.9583587351308446,1.4697975317852827,0.032463067190192485,-0.010742662246357905,0.05,0.05
1685599235.3899586,0.9583587351308446,1.4697975317852827,0.032463067190192485,-0.010742662246357905,0.05,0.05
1685599235.3934877,1.1207726254110018,1.4155175120655779,-0.8764710562329051,0.10753087506183835,0.05,0.05
1685599235.4890556,1.1207726254110018,1.4155175120655779,-0.8764710562329051,0.10753087506183835,0.05,0.05
1685599235.5241253,1.1158926360056072,1.3808505034646086,-0.1310522766597981,0.10526271071718685,0.05,0.05
1685599235.5886254,1.1158926360056072,1.3808505034646086,-0.1310522766597981,0.10526271071718685,0.05,0.05
1685599235.6437445,1.0545299465303506,1.4157983378329184,0.5890164658417241,0.09706402501051693,0.05,0.05
1685599235.6884785,1.0545299465303506,1.4157983378329184,0.5890164658417241,0.09706402501051693,0.05,0.05
1685599235.7883453,1.0545299465303506,1.4157983378329184,0.5890164658417241,0.09706402501051693,0.05,0.05
1685599235.8430817,1.0034995902429595,1.4412478007195058,0.2821087248635398,0.10316564259456569,0.05,0.05
1685599235.8887513,1.0034995902429595,1.4412478007195058,0.2821087248635398,0.10316564259456569,0.05,0.05
1685599235.9891984,1.0034995902429595,1.4412478007195058,0.2821087248635398,0.10316564259456569,0.05,0.05
1685599235.9954042,0.9746745698181053,1.575940507879309,0.6743311983462408,-0.04612663930270089,0.05,0.05
1685599236.0884511,0.9746745698181053,1.575940507879309,0.6743311983462408,-0.04612663930270089,0.05,0.05
1685599236.1745636,0.9641918083978887,1.5923446737043017,0.10001217801303093,0.10828346489411245,0.05,0.05
1685599236.189482,0.9641918083978887,1.5923446737043017,0.10001217801303093,0.10828346489411245,0.05,0.05
1685599236.2886105,0.9641918083978887,1.5923446737043017,0.10001217801303093,0.10828346489411245,0.05,0.05
1685599236.3661768,0.962056079072696,1.5986082902388488,0.027498819419185562,0.0564593861828911,0.05,0.05
1685599236.3884754,0.962056079072696,1.5986082902388488,0.027498819419185562,0.0564593861828911,0.05,0.05
1685599236.4886813,0.962056079072696,1.5986082902388488,0.027498819419185562,0.0564593861828911,0.05,0.05
1685599236.524144,1.0181360635589707,1.58751090385863,-0.3329748156315498,0.09270263604414357,0.05,0.05
1685599236.5888455,1.0181360635589707,1.58751090385863,-0.3329748156315498,0.09270263604414357,0.05,0.05
1685599236.6671815,1.0336903819924237,1.583706914791671,-0.10547468367112359,0.041229583830911604,0.05,0.05
1685599236.688816,1.0336903819924237,1.583706914791671,-0.10547468367112359,0.041229583830911604,0.05,0.05
1685599236.7887926,1.0336903819924237,1.583706914791671,-0.10547468367112359,0.041229583830911604,0.05,0.05
1685599236.888683,1.0336903819924237,1.583706914791671,-0.10547468367112359,0.041229583830911604,0.05,0.05
1685599236.988536,1.0336903819924237,1.583706914791671,-0.10547468367112359,0.041229583830911604,0.05,0.05
1685599237.0561345,0.9115272887180683,1.5911636179384476,0.2716461426908883,-0.0328620395800646,0.05,0.05
1685599237.0884898,0.9115272887180683,1.5911636179384476,0.2716461426908883,-0.0328620395800646,0.05,0.05
1685599237.1884966,0.9115272887180683,1.5911636179384476,0.2716461426908883,-0.0328620395800646,0.05,0.05
1685599237.2242587,0.883903482709134,1.6009506180524107,0.1701581841345035,0.06268394713575613,0.05,0.05
1685599237.2886271,0.883903482709134,1.6009506180524107,0.1701581841345035,0.06268394713575613,0.05,0.05
1685599237.3956296,0.8446683064053441,1.5545678852659566,0.04547399503061594,0.01565113616286011,0.05,0.05
1685599237.3953896,0.8446683064053441,1.5545678852659566,0.04547399503061594,0.01565113616286011,0.05,0.05
1685599237.4887257,0.8446683064053441,1.5545678852659566,0.04547399503061594,0.01565113616286011,0.05,0.05
1685599237.569474,0.8404785654730479,1.6122231060883008,0.19535738659454713,0.043363842776669985,0.05,0.05
1685599237.5884767,0.8404785654730479,1.6122231060883008,0.19535738659454713,0.043363842776669985,0.05,0.05
1685599237.688673,0.8404785654730479,1.6122231060883008,0.19535738659454713,0.043363842776669985,0.05,0.05
1685599237.7483182,0.8395900147915537,1.604145366597968,-0.019369238476732192,-0.0036976801248523347,0.05,0.05
1685599237.7886403,0.8395900147915537,1.604145366597968,-0.019369238476732192,-0.0036976801248523347,0.05,0.05
1685599237.8891587,0.8395900147915537,1.604145366597968,-0.019369238476732192,-0.0036976801248523347,0.05,0.05
1685599237.8934143,0.9383036810849996,1.587978310194867,-0.6398242289164432,0.22109506255325417,0.05,0.05
1685599237.9885948,0.9383036810849996,1.587978310194867,-0.6398242289164432,0.22109506255325417,0.05,0.05
1685599238.075396,0.9955282288707704,1.4422460698865662,-0.6781411488031709,0.012038201500334708,0.05,0.05
1685599238.0888755,0.9955282288707704,1.4422460698865662,-0.6781411488031709,0.012038201500334708,0.05,0.05
1685599238.188625,0.9955282288707704,1.4422460698865662,-0.6781411488031709,0.012038201500334708,0.05,0.05
1685599238.2494814,0.9417427772696085,1.4460307977734905,0.2800784770206332,0.007568385180738522,0.05,0.05
1685599238.2889457,0.9417427772696085,1.4460307977734905,0.2800784770206332,0.007568385180738522,0.05,0.05
1685599238.3885965,0.9417427772696085,1.4460307977734905,0.2800784770206332,0.007568385180738522,0.05,0.05
1685599238.414562,0.9102681795634774,1.4496358476591347,0.17628914541688498,0.04328188057004289,0.05,0.05
1685599238.4885592,0.9102681795634774,1.4496358476591347,0.17628914541688498,0.04328188057004289,0.05,0.05
1685599238.5887175,0.8709163381984516,1.4425676234656162,0.1791010427385348,0.07527910496530708,0.05,0.05
1685599238.589164,0.8709163381984516,1.4425676234656162,0.1791010427385348,0.07527910496530708,0.05,0.05
1685599238.688698,0.8709163381984516,1.4425676234656162,0.1791010427385348,0.07527910496530708,0.05,0.05
1685599238.762798,0.9279894405524854,1.6365090217023623,0.2500879025556685,0.041100415507010934,0.05,0.05
1685599238.788403,0.9279894405524854,1.6365090217023623,0.2500879025556685,0.041100415507010934,0.05,0.05
1685599238.8887308,0.9279894405524854,1.6365090217023623,0.2500879025556685,0.041100415507010934,0.05,0.05
1685599238.9293258,0.8767414270939726,1.6242165853873463,0.24708324871184958,0.12194771856548538,0.05,0.05
1685599238.9887064,0.8767414270939726,1.6242165853873463,0.24708324871184958,0.12194771856548538,0.05,0.05
1685599239.088598,0.8767414270939726,1.6242165853873463,0.24708324871184958,0.12194771856548538,0.05,0.05
1685599239.105528,0.9732287969853898,1.5692674121870733,-0.621578018931481,0.09394916209836723,0.05,0.05
1685599239.1885471,0.9732287969853898,1.5692674121870733,-0.621578018931481,0.09394916209836723,0.05,0.05
1685599239.2766716,0.8895056628638717,1.4951920628364754,0.25227775264674007,0.04614404631099344,0.05,0.05
1685599239.2885602,0.8895056628638717,1.4951920628364754,0.25227775264674007,0.04614404631099344,0.05,0.05
1685599239.3884573,0.8895056628638717,1.4951920628364754,0.25227775264674007,0.04614404631099344,0.05,0.05
1685599239.4450254,0.7755248861955323,1.4100466213759992,0.3834920038329084,0.015368194333541491,0.05,0.05
1685599239.4888985,0.7755248861955323,1.4100466213759992,0.3834920038329084,0.015368194333541491,0.05,0.05
1685599239.5886846,0.7755248861955323,1.4100466213759992,0.3834920038329084,0.015368194333541491,0.05,0.05
1685599239.6153197,0.8221019657419232,1.6529738724289338,0.3821103267469995,-0.018523477041806045,0.05,0.05
1685599239.6886194,0.8221019657419232,1.6529738724289338,0.3821103267469995,-0.018523477041806045,0.05,0.05
1685599239.7932334,0.7709514876254526,1.6282648348034672,0.19901664255935522,0.10143236423582494,0.05,0.05
1685599239.794466,0.7709514876254526,1.6282648348034672,0.19901664255935522,0.10143236423582494,0.05,0.05
1685599239.8886447,0.7709514876254526,1.6282648348034672,0.19901664255935522,0.10143236423582494,0.05,0.05
1685599239.9884574,0.7709514876254526,1.6282648348034672,0.19901664255935522,0.10143236423582494,0.05,0.05
1685599240.088467,0.7709514876254526,1.6282648348034672,0.19901664255935522,0.10143236423582494,0.05,0.05
1685599240.1541226,0.7445862983588464,1.6091346398346977,0.044648228747457615,0.048944128715678194,0.05,0.05
1685599240.188696,0.7445862983588464,1.6091346398346977,0.044648228747457615,0.048944128715678194,0.05,0.05
1685599240.2886932,0.7445862983588464,1.6091346398346977,0.044648228747457615,0.048944128715678194,0.05,0.05
1685599240.3388665,0.7125232182673802,1.5124373519008902,-0.04360785702779157,0.1532885248245719,0.05,0.05
1685599240.3887901,0.7125232182673802,1.5124373519008902,-0.04360785702779157,0.1532885248245719,0.05,0.05
1685599240.4882364,0.7125232182673802,1.5124373519008902,-0.04360785702779157,0.1532885248245719,0.05,0.05
1685599240.509406,0.7092168603429971,1.4926171429698603,-0.02523880504279297,0.09790316095793153,0.05,0.05
1685599240.5885139,0.7092168603429971,1.4926171429698603,-0.02523880504279297,0.09790316095793153,0.05,0.05
1685599240.6885245,0.7092168603429971,1.4926171429698603,-0.02523880504279297,0.09790316095793153,0.05,0.05
1685599240.6908967,0.8284689429718174,1.709708425901477,-0.12760153747420966,-0.1375271038867737,0.05,0.05
1685599240.788445,0.8284689429718174,1.709708425901477,-0.12760153747420966,-0.1375271038867737,0.05,0.05
1685599240.8468633,0.7988493862050897,1.6810084711133089,0.10415825418395716,0.05379508584948533,0.05,0.05
1685599240.888523,0.7988493862050897,1.6810084711133089,0.10415825418395716,0.05379508584948533,0.05,0.05
1685599240.988428,0.7988493862050897,1.6810084711133089,0.10415825418395716,0.05379508584948533,0.05,0.05
1685599241.0129313,0.7546330533478912,1.6849765301913047,0.25396108346144713,0.04611952588981404,0.05,0.05
1685599241.0884757,0.7546330533478912,1.6849765301913047,0.25396108346144713,0.04611952588981404,0.05,0.05
1685599241.1886618,0.7546330533478912,1.6849765301913047,0.25396108346144713,0.04611952588981404,0.05,0.05
1685599241.2127967,0.6841719576624827,1.686278269911333,0.3317417076857775,0.09203205271262603,0.05,0.05
1685599241.2888548,0.6841719576624827,1.686278269911333,0.3317417076857775,0.09203205271262603,0.05,0.05
1685599241.3779826,0.6416327403655959,1.6696744988756331,0.20640157228302078,0.08892449795925347,0.05,0.05
1685599241.388631,0.6416327403655959,1.6696744988756331,0.20640157228302078,0.08892449795925347,0.05,0.05
1685599241.4884222,0.6416327403655959,1.6696744988756331,0.20640157228302078,0.08892449795925347,0.05,0.05
1685599241.5390787,0.8160101327522121,1.7012748620331954,-0.9515513864776436,-0.004047798189551468,0.05,0.05
1685599241.588648,0.8160101327522121,1.7012748620331954,-0.9515513864776436,-0.004047798189551468,0.05,0.05
1685599241.6883998,0.8160101327522121,1.7012748620331954,-0.9515513864776436,-0.004047798189551468,0.05,0.05
1685599241.6983714,0.952867703424427,1.709562825516584,-0.788100570186328,0.17399879332255194,0.05,0.05
1685599241.7885792,0.952867703424427,1.709562825516584,-0.788100570186328,0.17399879332255194,0.05,0.05
1685599241.8885412,0.952867703424427,1.709562825516584,-0.788100570186328,0.17399879332255194,0.05,0.05
1685599241.9888673,0.952867703424427,1.709562825516584,-0.788100570186328,0.17399879332255194,0.05,0.05
1685599242.0894015,0.952867703424427,1.709562825516584,-0.788100570186328,0.17399879332255194,0.05,0.05
1685599242.0939062,0.9380505930603957,1.726261086409691,0.049202319283908835,0.06675771400120876,0.05,0.05
1685599242.1885507,0.9380505930603957,1.726261086409691,0.049202319283908835,0.06675771400120876,0.05,0.05
1685599242.2497275,0.8505746062307573,1.715269629138634,0.5200239415900699,0.11267304687077005,0.05,0.05
1685599242.288404,0.8505746062307573,1.715269629138634,0.5200239415900699,0.11267304687077005,0.05,0.05
1685599242.3884008,0.8505746062307573,1.715269629138634,0.5200239415900699,0.11267304687077005,0.05,0.05
1685599242.4297056,0.7771614866800242,1.7376817882340903,0.4309047547261771,0.06957098750922901,0.05,0.05
1685599242.4884138,0.7771614866800242,1.7376817882340903,0.4309047547261771,0.06957098750922901,0.05,0.05
1685599242.5885804,0.7771614866800242,1.7376817882340903,0.4309047547261771,0.06957098750922901,0.05,0.05
1685599242.6025698,0.6642815004284913,1.7810821064216025,0.6925292872020605,-0.15514215980302198,0.05,0.05
1685599242.6884623,0.6642815004284913,1.7810821064216025,0.6925292872020605,-0.15514215980302198,0.05,0.05
1685599242.7739518,0.6250617704424429,1.7890526107668017,0.23234483046904136,0.033010892939387075,0.05,0.05
1685599242.7885404,0.6250617704424429,1.7890526107668017,0.23234483046904136,0.033010892939387075,0.05,0.05
1685599242.8885803,0.6250617704424429,1.7890526107668017,0.23234483046904136,0.033010892939387075,0.05,0.05
1685599242.9377651,0.6178978957506497,1.751446976999361,-0.022648792660358068,0.06388818861264721,0.05,0.05
1685599242.9886672,0.6178978957506497,1.751446976999361,-0.022648792660358068,0.06388818861264721,0.05,0.05
1685599243.0884995,0.6178978957506497,1.751446976999361,-0.022648792660358068,0.06388818861264721,0.05,0.05
1685599243.115811,0.694138522013575,1.7270535557600477,-0.4514176792492855,0.0758497905922553,0.05,0.05
1685599243.1883192,0.694138522013575,1.7270535557600477,-0.4514176792492855,0.0758497905922553,0.05,0.05
1685599243.2813907,0.6744804866196307,1.7241209141099874,0.109129820217871,0.01000973355506842,0.05,0.05
1685599243.2883637,0.6744804866196307,1.7241209141099874,0.109129820217871,0.01000973355506842,0.05,0.05
1685599243.3884895,0.6744804866196307,1.7241209141099874,0.109129820217871,0.01000973355506842,0.05,0.05
1685599243.472266,0.5682671865625348,1.7501661390329084,0.575316680897368,0.0941145551711347,0.05,0.05
1685599243.4885037,0.5682671865625348,1.7501661390329084,0.575316680897368,0.0941145551711347,0.05,0.05
